game_time,true_time,x,y,az,vx,vaz,dis_to_obs_0,dis_to_obs_36,dis_to_obs_72,dis_to_obs_108,dis_to_obs_144,dis_to_obs_180,dis_to_obs_-144,dis_to_obs_-108,dis_to_obs_-72,dis_to_obs_-36,dis_to_min_obs,direction_to_min_obs,dis_to_human_0,dis_to_human_36,dis_to_human_72,dis_to_human_108,dis_to_human_144,dis_to_human_180,dis_to_human_-144,dis_to_human_-108,dis_to_human_-72,dis_to_human_-36,dis_to_min_human,direction_to_min_human,main_cam_yaw,main_cam_pitch,left_joint_1,left_joint_2,left_joint_3,left_joint_4,left_joint_5,left_joint_6,left_joint_7,left_joint_gripper,left_is_grasping,left_end_x,left_end_y,left_end_z,left_end_ax,left_end_ay,left_end_az,right_joint_1,right_joint_2,right_joint_3,right_joint_4,right_joint_5,right_joint_6,right_joint_7,right_joint_gripper,right_is_grasping,right_end_x,right_end_y,right_end_z,right_end_ax,right_end_ay,right_end_az,
7.460,15.061,1.262,-9.911,1.167,0.999,0.560,3.683,3.516,0.000,1.844,1.718,3.679,0.000,2.294,1.743,0.000,0.000,1.457,0.000,0.000,3.492,0.000,0.000,0.000,0.000,0.000,0.000,0.000,0.000,3.142,0.001,0.000,1.003,1.571,1.572,4.086,6.281,1.199,4.712,0.000,0.000,1.193,-9.240,0.990,5.120,1.584,1.558,5.281,4.712,4.714,2.199,6.281,5.083,1.571,0.000,0.000,1.796,-9.499,0.991,5.119,1.580,1.563,
7.545,15.146,1.299,-9.820,1.257,1.003,1.392,3.471,3.515,0.000,1.804,1.878,0.000,3.100,2.092,1.701,0.000,0.000,3.142,0.000,0.000,3.620,0.000,0.000,0.000,0.000,0.000,0.000,0.000,0.000,3.142,0.002,0.000,1.003,1.571,1.571,4.086,6.281,1.199,4.712,0.000,0.000,1.170,-9.158,0.990,5.029,1.586,1.556,5.282,4.713,4.714,2.198,6.282,5.083,1.571,0.000,0.000,1.794,-9.361,0.991,5.029,1.580,1.562,
7.659,15.260,1.322,-9.743,1.356,1.019,1.299,3.308,3.575,0.000,1.746,2.077,0.000,3.216,1.936,1.287,4.802,0.000,3.142,0.000,0.000,0.000,0.000,0.000,0.000,0.000,0.000,0.000,0.000,0.000,3.142,0.001,0.000,1.003,1.570,1.569,4.085,6.282,1.199,4.712,0.000,0.000,1.127,-9.098,0.990,4.927,1.591,1.550,5.282,4.712,4.712,2.198,6.283,5.083,1.570,0.000,0.000,1.769,-9.238,0.991,4.928,1.586,1.555,
7.760,15.361,1.341,-9.644,1.448,1.026,0.860,3.162,3.636,0.000,1.736,2.315,0.000,3.405,1.825,1.287,4.247,0.000,3.142,0.000,0.000,0.000,0.000,0.000,0.000,0.000,0.000,0.000,0.000,0.000,3.142,0.001,0.000,1.003,1.570,1.569,4.085,6.282,1.199,4.712,0.000,0.000,1.087,-9.019,0.990,4.835,1.609,1.531,5.282,4.712,4.711,2.198,6.282,5.083,1.570,0.000,0.000,1.739,-9.100,0.991,4.835,1.600,1.541,
7.842,15.443,1.353,-9.524,1.534,1.009,0.926,3.025,3.161,2.159,1.757,2.596,0.000,2.940,1.750,1.302,3.803,0.000,3.142,0.000,0.000,0.000,0.000,0.000,0.000,0.000,0.000,0.000,0.000,0.000,3.142,0.001,0.000,1.003,1.570,1.570,4.086,6.281,1.199,4.712,0.000,0.000,1.047,-8.923,0.990,4.751,1.703,1.438,5.282,4.712,4.713,2.198,6.282,5.083,1.570,0.000,0.000,1.703,-8.948,0.991,4.751,1.659,1.482,
7.954,15.555,1.355,-9.445,1.603,1.005,1.075,2.507,3.410,1.866,1.762,2.880,0.000,2.668,1.709,0.000,2.996,0.000,3.142,0.000,0.000,0.000,0.000,0.000,0.000,0.000,0.000,0.000,0.000,0.000,3.142,0.001,0.000,1.003,1.570,1.570,4.086,6.282,1.199,4.712,0.000,0.000,1.008,-8.867,0.990,4.745,4.565,4.858,5.282,4.712,4.713,2.198,6.282,5.083,1.571,0.000,0.000,1.664,-8.846,0.991,4.744,4.611,4.814,
8.060,15.661,1.347,-9.326,1.715,1.018,1.029,2.864,0.000,1.839,1.772,3.505,0.000,2.359,1.272,0.000,3.169,0.000,3.142,0.000,0.000,0.000,0.000,0.000,0.000,0.000,0.000,0.000,0.000,0.000,3.142,0.001,0.000,1.003,1.570,1.570,4.085,6.282,1.199,4.712,0.000,0.000,0.937,-8.790,0.990,4.857,4.681,4.743,5.282,4.712,4.712,2.198,6.282,5.083,1.570,0.000,0.000,1.587,-8.696,0.991,4.857,4.689,4.735,
8.160,15.761,1.330,-9.227,1.801,1.017,0.980,2.813,0.000,1.840,1.792,4.227,3.832,2.200,1.275,0.000,2.941,0.000,3.106,0.000,0.000,0.000,0.000,0.000,0.000,0.000,0.000,0.000,0.000,0.000,3.142,0.001,0.000,1.003,1.570,1.570,4.085,6.281,1.199,4.712,0.000,0.000,0.876,-8.728,0.990,4.942,4.691,4.732,5.282,4.712,4.712,2.198,6.282,5.083,1.570,0.000,0.000,1.515,-8.579,0.991,4.942,4.698,4.726,
8.247,15.847,1.305,-9.130,1.886,1.013,1.001,2.783,0.000,1.847,1.882,0.000,3.738,2.088,1.695,4.405,2.753,0.000,3.036,0.000,0.000,0.000,0.000,0.000,0.000,0.000,0.000,0.000,0.000,0.000,3.142,0.001,0.000,1.003,1.570,1.570,4.086,6.281,1.199,4.712,0.000,0.000,0.810,-8.672,0.990,5.027,4.697,4.726,5.282,4.712,4.712,2.198,6.282,5.083,1.570,0.000,0.000,1.434,-8.468,0.991,5.027,4.702,4.722,
8.360,15.960,1.272,-9.036,1.974,1.012,1.037,2.779,0.000,1.865,1.982,0.000,3.966,2.010,0.000,3.813,2.594,0.000,2.931,0.000,3.196,0.000,0.000,0.000,0.000,0.000,0.000,0.000,0.000,0.000,3.142,0.001,0.000,1.003,1.570,1.570,4.085,6.281,1.199,4.712,0.000,0.000,0.739,-8.623,0.990,5.115,4.700,4.722,5.282,4.712,4.712,2.198,6.282,5.083,1.570,0.000,0.000,1.343,-8.366,0.991,5.115,4.704,4.719,
8.460,16.061,1.231,-8.946,2.062,1.015,1.016,2.801,0.000,1.896,2.106,0.000,3.747,1.521,0.000,3.356,2.464,0.000,2.861,0.000,0.000,0.000,0.000,0.000,0.000,0.000,0.000,0.000,0.000,0.000,3.142,0.001,0.000,1.003,1.570,1.570,4.085,6.282,1.199,4.712,0.000,0.000,0.663,-8.581,0.990,5.204,4.702,4.720,5.282,4.712,4.712,2.198,6.282,5.083,1.570,0.000,0.000,1.242,-8.271,0.991,5.203,4.705,4.718,
8.547,16.147,1.182,-8.859,2.150,1.015,1.014,2.851,0.000,1.938,2.259,0.000,3.324,1.518,0.000,3.002,1.918,0.000,2.791,0.000,0.000,0.000,0.000,0.000,0.000,0.000,0.000,0.000,0.000,0.000,3.142,0.001,0.000,1.003,1.570,1.570,4.085,6.281,1.199,4.712,0.000,0.000,0.584,-8.545,0.990,5.291,4.704,4.719,5.282,4.712,4.712,2.198,6.282,5.083,1.570,0.000,0.000,1.134,-8.186,0.991,5.291,4.706,4.717,
8.660,16.261,1.125,-8.776,2.237,1.014,1.010,2.725,0.000,2.099,2.456,0.000,3.034,1.534,0.000,2.721,2.279,0.000,2.685,0.000,0.000,0.000,0.000,0.000,0.000,0.000,0.000,0.000,0.000,0.000,3.142,0.001,0.000,1.003,1.570,1.570,4.085,6.282,1.199,4.712,0.000,0.000,0.503,-8.516,0.990,5.378,4.705,4.717,5.282,4.712,4.712,2.198,6.282,5.083,1.570,0.000,0.000,1.019,-8.110,0.991,5.378,4.707,4.716,
8.760,16.361,1.075,-8.714,2.307,1.014,1.013,2.628,0.000,2.051,2.664,0.000,2.868,1.966,0.000,2.537,2.231,0.000,2.650,0.000,0.000,0.000,0.000,0.000,0.000,0.000,0.000,0.000,0.000,0.000,3.142,0.001,0.000,1.003,1.570,1.570,4.085,6.282,1.199,4.712,0.000,0.000,0.436,-8.498,0.990,5.448,4.705,4.717,5.282,4.712,4.712,2.198,6.282,5.083,1.570,0.000,0.000,0.922,-8.057,0.991,5.448,4.707,4.715,
8.860,16.461,0.991,-8.628,2.412,1.014,1.014,0.000,4.255,1.990,3.115,0.000,2.694,3.302,4.180,2.315,2.184,0.000,2.545,0.000,0.000,0.000,0.000,0.000,0.000,0.000,0.000,0.000,0.000,0.000,3.142,0.001,0.000,1.003,1.570,1.570,4.085,6.282,1.199,4.712,0.000,0.000,0.333,-8.480,0.990,5.553,4.706,4.716,5.282,4.712,4.712,2.198,6.282,5.083,1.570,0.000,0.000,0.771,-7.991,0.991,5.553,4.708,4.715,
8.960,16.561,0.931,-8.576,2.482,1.014,1.011,0.000,4.181,1.957,3.578,4.405,2.618,0.000,3.654,2.198,2.171,0.000,2.475,2.819,0.000,0.000,0.000,0.000,0.000,0.000,0.000,0.000,0.000,0.000,3.142,0.001,0.000,1.003,1.570,1.570,4.085,6.282,1.199,4.712,0.000,0.000,0.264,-8.474,0.990,5.624,4.706,4.715,5.282,4.712,4.712,2.198,6.282,5.083,1.570,0.000,0.000,0.666,-7.956,0.991,5.623,4.708,4.714,
9.060,16.661,0.834,-8.506,2.587,1.014,1.012,4.462,1.803,1.915,4.837,4.576,2.079,0.000,3.080,1.610,2.179,0.000,2.404,0.000,0.000,0.000,0.000,0.000,0.000,0.000,0.000,0.000,0.000,0.000,3.142,0.001,0.000,1.003,1.570,1.570,4.085,6.282,1.199,4.712,0.000,0.000,0.160,-8.474,0.990,5.728,4.707,4.714,5.282,4.712,4.712,2.198,6.282,5.083,1.570,0.000,0.000,0.506,-7.916,0.991,5.728,4.708,4.714,
9.158,16.759,0.748,-8.455,2.675,1.014,1.021,4.278,1.612,1.887,0.000,4.637,2.076,0.000,2.734,1.975,2.215,0.000,2.299,0.000,0.000,0.000,0.000,0.000,0.000,0.000,0.000,0.000,0.000,0.000,3.142,0.001,0.000,1.003,1.570,1.570,4.085,6.281,1.199,4.712,0.000,0.000,0.074,-8.483,0.990,5.816,4.707,4.714,5.282,4.712,4.712,2.198,6.282,5.083,1.570,0.000,0.000,0.370,-7.897,0.991,5.816,4.709,4.713,
9.260,16.861,0.658,-8.412,2.762,1.014,1.012,0.000,1.456,1.866,0.000,4.180,2.093,0.000,2.472,1.915,2.298,0.000,2.264,0.000,0.000,0.000,0.000,0.000,0.000,0.000,0.000,0.000,0.000,0.000,3.142,0.001,0.000,1.003,1.570,1.570,4.085,6.282,1.199,4.712,0.000,0.000,-0.011,-8.499,0.990,5.904,4.707,4.713,5.282,4.712,4.712,2.198,6.282,5.083,1.570,0.000,0.000,0.232,-7.889,0.991,5.903,4.709,4.713,
9.344,16.945,0.564,-8.377,2.846,1.014,0.778,0.000,1.328,1.848,0.000,3.882,2.546,4.356,2.279,1.878,2.000,0.000,2.194,0.000,0.000,0.000,0.000,0.000,0.000,0.000,0.000,0.000,0.000,0.000,3.142,0.001,0.000,1.004,1.570,1.568,4.085,6.282,1.199,4.712,0.000,0.000,-0.095,-8.520,0.990,5.989,4.708,4.712,5.282,4.712,4.711,2.198,6.282,5.083,1.570,0.000,0.000,0.096,-7.893,0.991,5.988,4.709,4.712,
9.460,17.061,0.488,-8.355,2.869,1.014,0.008,0.000,1.279,1.818,0.000,3.891,2.608,0.000,2.216,1.857,2.009,0.000,2.369,0.000,0.000,0.000,0.000,0.000,0.000,0.000,0.000,0.000,0.000,0.000,3.142,6.283,0.000,1.004,1.568,1.567,4.085,6.281,1.199,4.712,0.000,0.000,-0.169,-8.515,0.990,6.014,4.707,4.712,5.281,4.711,4.709,2.198,6.282,5.083,1.570,0.000,0.000,0.008,-7.882,0.990,6.014,4.708,4.712,
9.543,17.144,0.373,-8.323,2.869,1.009,6.269,0.000,1.241,1.758,0.000,4.069,2.728,0.000,1.650,1.825,1.967,0.000,2.369,0.000,0.000,0.000,0.000,0.000,0.000,0.000,0.000,0.000,0.000,0.000,3.142,6.282,0.000,1.004,1.569,1.569,4.085,6.281,1.199,4.712,0.000,0.000,-0.283,-8.481,0.990,6.012,4.708,4.713,5.281,4.711,4.711,2.198,6.282,5.083,1.570,0.000,0.000,-0.107,-7.849,0.990,6.012,4.708,4.713,
9.660,17.261,0.296,-8.301,2.870,1.010,6.269,0.000,1.216,1.718,0.000,4.187,2.807,0.000,1.632,1.804,1.940,0.000,2.404,0.000,0.000,0.000,0.000,0.000,0.000,0.000,0.000,0.000,0.000,0.000,3.142,6.282,0.000,1.004,1.569,1.569,4.085,6.281,1.199,4.712,0.000,0.000,-0.360,-8.460,0.990,6.012,4.708,4.713,5.281,4.711,4.711,2.198,6.282,5.083,1.570,0.000,0.000,-0.184,-7.828,0.990,6.012,4.708,4.713,
9.746,17.347,0.181,-8.269,2.870,1.013,6.268,0.000,1.178,1.658,0.000,4.364,2.926,0.000,2.114,1.772,4.349,0.000,2.440,0.000,0.000,0.000,0.000,0.000,0.000,0.000,0.000,0.000,0.000,0.000,3.142,6.282,0.000,1.004,1.569,1.569,4.085,6.281,1.199,4.712,0.000,0.000,-0.475,-8.428,0.990,6.012,4.708,4.713,5.281,4.711,4.711,2.198,6.282,5.083,1.570,0.000,0.000,-0.299,-7.796,0.990,6.012,4.708,4.713,
9.860,17.461,0.104,-8.248,2.870,1.012,6.267,0.000,1.152,1.618,0.000,4.482,3.006,4.960,2.088,1.750,4.322,0.000,2.440,0.000,0.000,0.000,0.000,0.000,0.000,0.000,0.000,0.000,0.000,0.000,3.142,6.282,0.000,1.004,1.569,1.569,4.085,6.281,1.199,4.712,0.000,0.000,-0.551,-8.407,0.990,6.012,4.707,4.713,5.281,4.711,4.711,2.198,6.282,5.083,1.570,0.000,0.000,-0.376,-7.775,0.990,6.012,4.708,4.713,
9.960,17.561,-0.011,-8.216,2.870,1.011,6.268,0.000,1.114,0.874,0.000,4.659,3.125,4.866,2.049,1.718,4.282,0.000,2.475,0.000,0.000,0.000,0.000,0.000,0.000,0.000,0.000,0.000,0.000,0.000,3.142,6.282,0.000,1.004,1.569,1.569,4.085,6.281,1.199,4.712,0.000,0.000,-0.666,-8.375,0.990,6.012,4.707,4.713,5.281,4.711,4.711,2.198,6.282,5.083,1.570,0.000,0.000,-0.491,-7.743,0.990,6.012,4.708,4.713,
10.060,17.661,-0.107,-8.189,2.870,1.012,6.267,0.000,1.082,0.849,0.000,4.805,3.224,4.787,2.017,1.692,4.249,0.000,2.510,0.000,0.000,0.000,0.000,0.000,0.000,0.000,0.000,0.000,0.000,0.000,3.142,6.282,0.000,1.004,1.569,1.569,4.085,6.281,1.199,4.712,0.000,0.000,-0.762,-8.348,0.990,6.013,4.707,4.713,5.281,4.711,4.711,2.198,6.282,5.083,1.570,0.000,0.000,-0.587,-7.716,0.990,6.013,4.708,4.713,
10.160,17.761,-0.183,-8.168,2.871,1.012,6.267,0.000,3.031,0.829,0.000,4.923,3.304,4.724,1.992,1.670,0.000,0.000,2.510,0.000,0.000,0.000,0.000,0.000,0.000,0.000,0.000,0.000,1.868,0.000,3.142,6.282,0.000,1.004,1.569,1.569,4.085,6.281,1.199,4.712,0.000,0.000,-0.839,-8.327,0.990,6.013,4.707,4.713,5.281,4.711,4.711,2.198,6.282,5.083,1.570,0.000,0.000,-0.664,-7.695,0.990,6.013,4.708,4.713,
10.260,17.861,-0.298,-8.136,2.871,1.012,6.267,0.000,2.908,0.800,0.000,0.000,3.423,3.408,1.953,1.639,4.265,0.000,2.545,0.000,0.000,0.000,0.000,0.000,0.000,0.000,0.000,0.000,0.000,0.000,3.142,6.282,0.000,1.004,1.569,1.569,4.085,6.281,1.199,4.712,0.000,0.000,-0.954,-8.296,0.990,6.013,4.707,4.713,5.281,4.711,4.711,2.198,6.282,5.083,1.570,0.000,0.000,-0.779,-7.663,0.990,6.013,4.708,4.713,
10.360,17.961,-0.375,-8.115,2.871,1.011,6.266,0.000,2.691,0.780,2.036,0.000,3.502,3.490,1.927,1.179,4.143,0.000,2.580,0.000,0.000,0.000,0.000,0.000,0.000,0.000,0.000,0.000,0.000,0.000,3.142,6.282,0.000,1.004,1.569,1.569,4.085,6.281,1.199,4.712,0.000,0.000,-1.030,-8.275,0.990,6.013,4.707,4.713,5.281,4.711,4.711,2.198,6.282,5.083,1.570,0.000,0.000,-0.856,-7.642,0.990,6.013,4.708,4.713,
10.460,18.061,-0.490,-8.083,2.883,1.011,0.298,0.000,2.615,0.749,1.973,0.000,3.610,4.344,1.876,1.607,3.907,0.000,2.580,0.000,0.000,0.000,0.000,0.000,0.000,0.000,0.000,0.000,0.000,0.000,3.142,0.000,0.000,1.003,1.570,1.570,4.086,6.281,1.199,4.712,0.000,0.000,-1.144,-8.250,0.990,6.024,4.707,4.713,5.281,4.712,4.712,2.198,6.282,5.083,1.570,0.000,0.000,-0.976,-7.616,0.991,6.024,4.708,4.713,
10.560,18.161,-0.567,-8.063,2.897,1.011,0.195,0.000,2.647,0.728,0.895,0.000,3.876,4.134,1.835,1.269,3.722,0.000,2.580,0.000,0.000,0.000,0.000,0.000,0.000,0.000,0.000,0.000,0.000,0.000,3.142,6.283,0.000,1.003,1.569,1.569,4.085,6.281,1.199,4.712,0.000,0.000,-1.218,-8.240,0.990,6.040,4.707,4.713,5.281,4.711,4.711,2.198,6.282,5.083,1.570,0.000,0.000,-1.060,-7.603,0.991,6.040,4.708,4.713,
10.660,18.261,-0.683,-8.034,2.902,1.012,6.268,0.000,2.526,0.695,0.857,0.000,4.067,4.015,1.796,1.241,3.527,0.000,2.615,0.000,0.000,0.000,0.000,0.000,0.000,0.000,0.000,0.000,0.000,0.000,3.142,6.283,0.000,1.003,1.569,1.569,4.085,6.281,1.199,4.712,0.000,0.000,-1.333,-8.214,0.990,6.043,4.707,4.713,5.281,4.711,4.711,2.198,6.282,5.083,1.570,0.000,0.000,-1.178,-7.577,0.990,6.044,4.708,4.713,
10.760,18.361,-0.760,-8.016,2.903,1.012,6.259,0.000,2.467,0.672,0.830,0.000,4.158,3.959,1.774,1.222,3.406,0.000,2.650,0.000,0.000,0.000,0.000,0.000,0.000,0.000,0.000,0.000,0.000,0.000,3.142,6.283,0.000,1.003,1.569,1.569,4.085,6.281,1.199,4.712,0.000,0.000,-1.411,-8.195,0.990,6.044,4.707,4.713,5.281,4.711,4.711,2.198,6.282,5.083,1.570,0.000,0.000,-1.255,-7.558,0.990,6.044,4.708,4.713,
10.860,18.461,-0.876,-7.987,2.902,1.012,6.175,0.000,2.541,1.355,0.788,0.000,4.269,3.890,1.741,1.194,0.000,0.000,2.685,0.000,0.000,0.000,0.000,0.000,0.000,0.000,0.000,0.000,1.052,0.000,3.142,6.282,0.001,1.004,1.569,1.568,4.084,6.281,1.199,4.712,0.000,0.000,-1.527,-8.168,0.990,6.045,4.708,4.712,5.281,4.711,4.710,2.197,6.282,5.083,1.570,0.000,0.000,-1.372,-7.530,0.990,6.045,4.707,4.713,
10.960,18.561,-0.954,-7.968,2.871,1.012,5.428,0.000,2.471,1.404,0.744,0.000,4.103,4.158,1.753,0.000,0.000,0.000,2.720,0.000,0.000,0.000,0.000,0.000,0.000,0.000,0.000,0.000,0.969,0.000,3.142,6.280,0.001,1.005,1.567,1.565,4.084,6.282,1.199,4.711,0.000,0.000,-1.610,-8.130,0.990,6.017,4.708,4.712,5.281,4.710,4.708,2.197,6.282,5.083,1.570,0.000,0.000,-1.435,-7.497,0.990,6.017,4.707,4.712,
11.060,18.661,-1.068,-7.933,2.738,1.010,4.896,0.000,2.249,3.022,0.659,0.000,3.991,0.000,1.891,1.138,0.000,0.000,2.896,0.000,0.000,0.000,0.000,0.000,0.000,0.000,0.000,0.000,0.927,0.000,3.142,6.280,0.001,1.004,1.568,1.567,4.085,6.281,1.199,4.712,0.000,0.000,-1.739,-8.005,0.990,5.882,4.707,4.713,5.282,4.711,4.710,2.197,6.282,5.083,1.570,0.000,0.000,-1.482,-7.401,0.991,5.881,4.708,4.713,
11.151,18.752,-1.158,-7.892,2.628,1.007,5.226,2.926,2.111,2.560,1.095,1.050,4.773,0.000,2.041,1.113,0.000,0.000,3.036,0.000,0.000,0.000,0.000,0.000,0.000,0.000,0.000,0.000,0.884,0.000,3.142,6.281,0.001,1.004,1.569,1.568,4.085,6.281,1.199,4.712,0.000,0.000,-1.833,-7.889,0.990,5.771,4.707,4.714,5.282,4.711,4.711,2.198,6.281,5.083,1.570,0.000,0.000,-1.511,-7.317,0.991,5.771,4.708,4.714,
11.260,18.861,-1.227,-7.852,2.563,1.015,5.419,2.229,0.000,2.323,1.343,0.957,0.000,0.000,2.137,1.088,0.000,0.000,3.142,0.000,0.000,0.000,0.000,0.000,0.000,0.000,0.000,0.000,0.807,0.000,3.142,6.281,0.001,1.004,1.569,1.568,4.085,6.281,1.199,4.712,0.000,0.000,-1.901,-7.805,0.990,5.706,4.707,4.714,5.282,4.711,4.710,2.197,6.282,5.083,1.570,0.000,0.000,-1.542,-7.256,0.991,5.705,4.707,4.714,
11.341,18.942,-1.273,-7.822,2.444,-0.118,5.376,2.221,0.000,2.138,1.424,0.837,0.000,0.000,2.467,1.100,0.000,0.000,3.142,0.000,0.000,0.000,0.000,0.000,0.000,0.000,0.000,0.000,0.000,0.000,3.142,0.002,0.001,0.999,1.572,1.574,4.093,6.280,1.200,4.712,0.000,0.000,-1.936,-7.691,0.989,5.579,4.701,4.719,5.280,4.712,4.711,2.202,0.000,5.079,1.572,0.000,0.000,-1.514,-7.194,0.990,5.587,4.705,4.718,
11.460,19.061,-1.256,-7.838,2.388,-0.398,5.532,2.353,0.000,2.307,1.439,0.786,0.000,0.000,2.739,1.143,0.000,0.000,3.142,0.000,0.000,0.000,0.000,0.000,0.000,0.000,0.000,0.000,0.000,0.000,3.142,6.283,0.001,1.002,1.570,1.570,4.087,6.281,1.199,4.712,0.000,0.000,-1.910,-7.674,0.990,5.529,4.705,4.716,5.280,4.713,4.713,2.199,6.282,5.083,1.571,0.000,0.000,-1.461,-7.195,0.990,5.528,4.706,4.716,
11.560,19.161,-1.239,-7.855,2.299,0.012,5.313,2.594,0.000,2.222,1.484,0.765,0.000,0.000,3.312,1.216,4.468,0.000,3.142,0.000,0.000,0.000,0.000,0.000,0.000,0.000,0.000,0.000,0.000,0.000,3.142,6.279,0.000,1.006,1.568,1.566,4.082,6.281,1.199,4.712,0.000,0.000,-1.877,-7.636,0.990,5.444,4.708,4.715,5.282,4.711,4.709,2.197,6.282,5.083,1.570,0.000,0.000,-1.388,-7.198,0.991,5.444,4.706,4.717,
11.660,19.261,-1.246,-7.847,2.200,0.233,5.027,2.911,4.551,2.125,3.110,0.902,0.000,4.211,4.254,1.651,4.608,0.000,3.142,0.000,0.000,0.000,0.000,0.000,0.000,0.000,0.000,0.000,0.000,0.000,3.142,6.279,0.000,1.005,1.568,1.566,4.082,6.281,1.199,4.712,0.000,0.000,-1.860,-7.566,0.990,5.345,4.707,4.716,5.282,4.710,4.709,2.197,6.282,5.083,1.570,0.000,0.000,-1.330,-7.178,0.991,5.344,4.705,4.717,
11.760,19.361,-1.266,-7.816,2.093,0.494,5.172,3.375,3.256,2.038,2.670,1.173,1.180,4.231,4.254,1.173,4.136,0.000,1.141,0.000,0.000,0.000,0.000,0.000,0.000,0.000,0.000,0.000,0.000,0.000,3.142,6.280,0.000,1.005,1.568,1.567,4.083,6.281,1.199,4.712,0.000,0.000,-1.846,-7.471,0.990,5.236,4.704,4.718,5.282,4.711,4.710,2.197,6.282,5.083,1.570,0.000,0.000,-1.277,-7.143,0.991,5.236,4.705,4.718,
11.860,19.461,-1.285,-7.782,2.021,0.477,5.356,3.230,2.827,1.990,2.443,1.390,1.089,4.853,0.000,1.832,4.140,0.000,1.246,0.000,0.000,0.000,0.000,0.000,0.000,0.000,0.000,0.000,0.000,0.000,3.142,6.281,0.001,1.004,1.569,1.569,4.086,6.281,1.199,4.712,0.000,0.000,-1.838,-7.395,0.990,5.164,4.700,4.722,5.282,4.711,4.711,2.197,6.282,5.083,1.570,0.000,0.000,-1.247,-7.109,0.991,5.163,4.703,4.720,
11.949,19.550,-1.304,-7.742,1.937,0.322,5.761,3.065,2.120,0.000,2.069,1.454,1.013,0.000,0.000,1.949,1.250,0.000,1.316,0.000,0.000,0.000,0.000,0.000,0.000,0.000,0.000,0.000,0.000,0.000,3.142,6.282,0.001,1.003,1.570,1.570,4.086,6.281,1.199,4.712,0.000,0.000,-1.821,-7.309,0.990,5.078,4.698,4.725,5.281,4.712,4.712,2.197,6.281,5.083,1.571,0.000,0.000,-1.209,-7.074,0.990,5.078,4.700,4.724,
12.060,19.661,-1.315,-7.712,1.925,0.381,6.263,3.017,2.123,0.000,2.196,1.489,1.030,0.000,0.000,1.930,1.235,0.000,1.351,0.000,0.000,0.000,0.000,0.000,0.000,0.000,0.000,0.000,0.000,0.000,3.142,6.282,0.000,1.004,1.569,1.569,4.084,6.281,1.199,4.712,0.000,0.000,-1.828,-7.273,0.990,5.067,4.700,4.723,5.281,4.711,4.711,2.198,6.282,5.083,1.570,0.000,0.000,-1.212,-7.045,0.990,5.067,4.699,4.724,
12.160,19.761,-1.326,-7.681,1.925,0.443,6.263,2.985,2.109,0.000,2.182,1.520,1.063,0.000,0.000,1.881,1.281,0.000,1.351,0.000,0.000,0.000,0.000,0.000,0.000,0.000,0.000,0.000,0.000,0.000,3.142,6.282,0.000,1.004,1.569,1.569,4.085,6.281,1.199,4.712,0.000,0.000,-1.839,-7.243,0.990,5.067,4.699,4.724,5.281,4.711,4.711,2.198,6.282,5.083,1.570,0.000,0.000,-1.224,-7.015,0.990,5.067,4.699,4.724,
12.253,19.854,-1.344,-7.634,1.926,0.416,6.265,2.935,2.113,0.000,2.160,1.569,1.114,0.000,0.000,1.107,1.353,0.000,1.351,0.000,0.000,0.000,0.000,0.000,0.000,0.000,0.000,0.000,0.000,0.000,3.142,6.283,0.000,1.003,1.569,1.569,4.086,6.281,1.199,4.712,0.000,0.000,-1.857,-7.196,0.990,5.067,4.698,4.725,5.281,4.711,4.711,2.198,6.282,5.083,1.570,0.000,0.000,-1.242,-6.968,0.990,5.067,4.699,4.724,
12.360,19.961,-1.357,-7.598,1.926,0.383,6.264,2.898,2.048,0.000,2.182,1.605,1.153,0.000,0.000,1.089,1.407,0.000,1.351,0.000,0.000,0.000,0.000,0.000,0.000,0.000,0.000,0.000,0.000,0.000,3.142,6.282,0.000,1.004,1.569,1.569,4.085,6.281,1.199,4.712,0.000,0.000,-1.870,-7.160,0.990,5.068,4.698,4.725,5.281,4.711,4.711,2.198,6.282,5.083,1.570,0.000,0.000,-1.255,-6.932,0.990,5.068,4.699,4.724,
12.460,20.061,-1.370,-7.563,1.927,0.400,6.264,2.861,1.985,0.000,2.235,1.641,1.191,0.000,0.000,1.690,3.209,0.000,1.387,0.000,0.000,0.000,0.000,0.000,0.000,0.000,0.000,0.000,0.000,0.000,3.142,6.282,0.000,1.004,1.569,1.569,4.085,6.281,1.199,4.712,0.000,0.000,-1.883,-7.126,0.990,5.069,4.699,4.724,5.281,4.711,4.711,2.198,6.282,5.083,1.570,0.000,0.000,-1.269,-6.897,0.990,5.069,4.699,4.724,
12.560,20.161,-1.384,-7.527,1.927,0.417,6.264,2.822,1.917,0.000,2.291,1.679,1.231,0.000,0.000,1.630,3.269,0.000,1.387,0.000,0.000,0.000,0.000,0.000,0.000,0.000,0.000,0.000,0.000,0.000,3.142,6.282,0.000,1.004,1.569,1.569,4.085,6.281,1.199,4.712,0.000,0.000,-1.897,-7.089,0.990,5.069,4.699,4.724,5.281,4.711,4.711,2.198,6.282,5.083,1.570,0.000,0.000,-1.283,-6.860,0.990,5.069,4.699,4.724,
12.660,20.261,-1.395,-7.497,1.928,0.410,6.265,2.790,1.900,0.000,2.336,1.709,1.263,0.000,0.000,1.582,0.000,0.000,1.387,0.000,0.000,0.000,0.000,0.000,0.000,0.000,0.000,0.000,1.696,0.000,3.142,6.282,0.000,1.004,1.569,1.569,4.085,6.281,1.199,4.712,0.000,0.000,-1.909,-7.060,0.990,5.069,4.698,4.725,5.281,4.711,4.711,2.198,6.282,5.083,1.570,0.000,0.000,-1.294,-6.830,0.990,5.070,4.699,4.724,
12.741,20.342,-1.411,-7.453,1.928,0.399,6.265,2.744,1.880,0.000,2.402,1.754,1.310,0.000,0.000,1.039,0.000,0.000,1.387,0.000,0.000,0.000,0.000,0.000,0.000,0.000,0.000,0.000,1.738,0.000,3.142,6.282,0.000,1.004,1.569,1.569,4.085,6.281,1.199,4.712,0.000,0.000,-1.925,-7.016,0.990,5.070,4.699,4.724,5.281,4.711,4.711,2.198,6.282,5.083,1.570,0.000,0.000,-1.311,-6.787,0.990,5.070,4.699,4.724,
12.860,20.461,-1.422,-7.424,1.928,0.402,6.265,2.713,1.867,0.000,2.446,1.783,1.342,0.000,0.000,0.993,0.000,0.000,1.492,0.000,0.000,0.000,0.000,0.000,0.000,0.000,0.000,0.000,1.769,0.000,3.142,6.282,0.000,1.004,1.569,1.569,4.085,6.281,1.199,4.712,0.000,0.000,-1.936,-6.988,0.990,5.070,4.699,4.724,5.281,4.711,4.711,2.198,6.282,5.083,1.570,0.000,0.000,-1.322,-6.758,0.990,5.071,4.699,4.724,
12.955,20.556,-1.438,-7.381,1.929,0.408,6.265,2.667,1.847,0.000,2.512,1.828,1.389,0.000,0.000,0.923,0.000,0.000,1.422,0.000,0.000,0.000,0.000,0.000,0.000,0.000,0.000,0.000,1.893,0.000,3.142,6.282,0.000,1.004,1.569,1.569,4.085,6.281,1.199,4.712,0.000,0.000,-1.953,-6.944,0.990,5.071,4.699,4.724,5.281,4.711,4.711,2.198,6.282,5.083,1.570,0.000,0.000,-1.338,-6.714,0.990,5.071,4.699,4.724,
13.060,20.661,-1.452,-7.344,1.929,0.406,6.265,2.628,1.830,0.000,2.352,1.866,1.429,0.000,0.000,0.865,0.000,0.000,1.527,0.000,0.000,0.000,0.000,0.000,0.000,0.000,0.000,0.000,1.967,0.000,3.142,6.282,0.000,1.004,1.569,1.569,4.085,6.281,1.199,4.712,0.000,0.000,-1.967,-6.908,0.990,5.071,4.699,4.724,5.281,4.711,4.711,2.198,6.282,5.083,1.570,0.000,0.000,-1.352,-6.677,0.990,5.071,4.699,4.724,
13.160,20.761,-1.463,-7.315,1.930,0.404,6.265,2.597,1.817,0.000,2.339,1.895,1.461,0.000,0.000,0.818,0.000,0.000,1.527,0.000,0.000,0.000,0.000,0.000,0.000,0.000,0.000,0.000,2.108,0.000,3.142,6.282,0.000,1.004,1.569,1.569,4.085,6.281,1.199,4.712,0.000,0.000,-1.978,-6.879,0.990,5.072,4.699,4.724,5.281,4.711,4.711,2.198,6.282,5.083,1.570,0.000,0.000,-1.364,-6.648,0.990,5.072,4.699,4.724,
13.260,20.861,-1.479,-7.271,1.930,0.405,6.265,2.551,1.797,0.000,2.318,1.940,1.508,0.000,0.000,0.749,3.884,0.000,1.527,0.000,0.000,0.000,0.000,0.000,0.000,0.000,0.000,0.000,0.000,0.000,3.142,6.282,0.000,1.004,1.569,1.569,4.085,6.281,1.199,4.712,0.000,0.000,-1.994,-6.836,0.990,5.072,4.699,4.724,5.281,4.711,4.711,2.198,6.282,5.083,1.570,0.000,0.000,-1.380,-6.605,0.990,5.072,4.699,4.724,
13.360,20.961,-1.494,-7.232,1.931,0.571,0.026,2.509,1.779,0.000,2.301,1.980,1.552,0.000,0.000,0.686,3.957,0.000,1.562,0.000,0.000,0.000,0.000,0.000,0.000,0.000,0.000,0.000,0.000,0.000,3.142,6.281,6.283,1.005,1.569,1.568,4.082,6.281,1.199,4.712,0.000,0.000,-2.010,-6.798,0.990,5.074,4.704,4.720,5.281,4.711,4.711,2.198,6.282,5.083,1.570,0.000,0.000,-1.396,-6.566,0.991,5.074,4.701,4.723,
13.460,21.061,-1.524,-7.153,1.948,1.110,0.446,2.441,1.725,0.000,2.294,2.053,1.670,0.000,0.000,0.690,3.554,0.000,1.562,0.000,0.000,0.000,0.000,0.000,0.000,0.000,0.000,0.000,0.000,0.000,3.142,6.281,6.283,1.006,1.569,1.569,4.081,6.281,1.199,4.712,0.000,0.000,-2.046,-6.728,0.990,5.090,4.705,4.718,5.282,4.711,4.711,2.199,6.282,5.083,1.571,0.000,0.000,-1.437,-6.485,0.991,5.090,4.703,4.720,
13.560,21.161,-1.560,-7.064,2.007,1.260,1.246,2.407,1.628,0.000,2.373,2.121,1.912,4.750,1.058,0.778,3.420,0.000,1.527,0.000,0.000,0.000,0.000,0.000,0.000,0.000,0.000,0.000,0.000,0.000,3.142,0.001,0.000,1.003,1.571,1.572,4.085,6.281,1.199,4.712,0.000,0.000,-2.105,-6.668,0.990,5.145,4.701,4.722,5.282,4.713,4.714,2.199,6.282,5.083,1.571,0.000,0.000,-1.510,-6.391,0.991,5.145,4.706,4.718,
13.652,21.252,-1.620,-6.945,2.103,0.966,0.284,2.642,1.491,0.000,2.540,2.217,0.000,0.000,0.658,0.952,3.718,0.000,3.142,0.000,0.000,0.000,0.000,0.000,0.000,0.000,0.000,0.000,0.000,0.000,3.142,0.001,0.001,1.003,1.569,1.567,4.087,6.282,1.199,4.712,0.000,0.000,-2.204,-6.604,0.990,5.247,4.701,4.721,5.281,4.711,4.710,2.198,6.283,5.083,1.570,0.000,0.000,-1.638,-6.272,0.990,5.247,4.704,4.718,
13.760,21.361,-1.665,-6.868,2.104,0.900,6.275,2.549,1.442,0.000,2.474,2.293,0.000,0.000,0.686,1.706,3.606,0.000,3.142,0.000,0.000,0.000,0.000,0.000,0.000,0.000,0.000,0.000,0.000,0.000,3.142,6.282,0.000,1.004,1.569,1.569,4.084,6.281,1.199,4.712,0.000,0.000,-2.248,-6.529,0.990,5.246,4.704,4.719,5.281,4.711,4.711,2.197,6.282,5.083,1.570,0.000,0.000,-1.684,-6.194,0.990,5.247,4.703,4.720,
13.860,21.461,-1.714,-6.786,2.104,1.038,6.272,2.458,1.390,0.000,2.398,2.375,0.000,0.000,0.736,0.000,3.491,0.000,3.142,0.000,0.000,0.000,0.000,0.000,0.000,0.000,0.000,2.494,0.000,0.000,3.142,6.281,0.000,1.005,1.569,1.568,4.083,6.281,1.199,4.712,0.000,0.000,-2.297,-6.447,0.990,5.247,4.705,4.718,5.281,4.711,4.710,2.197,6.282,5.083,1.570,0.000,0.000,-1.732,-6.113,0.990,5.247,4.703,4.720,
13.960,21.561,-1.767,-6.696,2.104,1.068,6.271,2.356,1.332,0.000,2.314,2.466,0.000,0.000,0.790,0.000,3.364,0.000,3.142,0.000,0.000,0.000,0.000,0.000,0.000,0.000,0.000,0.000,0.000,0.000,3.142,6.282,0.000,1.004,1.569,1.569,4.085,6.281,1.199,4.712,0.000,0.000,-2.350,-6.356,0.990,5.246,4.703,4.719,5.281,4.711,4.711,2.197,6.282,5.083,1.570,0.000,0.000,-1.785,-6.022,0.990,5.246,4.703,4.720,
14.060,21.661,-1.816,-6.613,2.084,0.872,5.623,1.986,1.290,0.000,2.186,0.000,2.670,0.000,0.837,0.000,3.293,0.000,2.545,0.000,0.000,0.000,0.000,0.000,0.000,0.000,0.000,0.000,0.000,0.000,3.142,6.282,0.001,1.003,1.568,1.567,4.086,6.281,1.199,4.712,0.000,0.000,-2.393,-6.262,0.990,5.229,4.701,4.720,5.281,4.710,4.709,2.197,6.282,5.083,1.570,0.000,0.000,-1.822,-5.940,0.990,5.229,4.701,4.721,
14.160,21.761,-1.854,-6.543,1.987,0.792,4.880,1.811,1.309,4.381,2.263,4.429,2.375,0.000,0.862,0.000,3.822,0.000,2.650,0.000,0.000,0.000,0.000,0.000,0.000,0.000,0.000,0.000,0.000,0.000,3.142,6.280,0.001,1.004,1.568,1.566,4.085,6.281,1.199,4.712,0.000,0.000,-2.395,-6.138,0.990,5.133,4.701,4.721,5.282,4.711,4.709,2.197,6.282,5.083,1.570,0.000,0.000,-1.795,-5.872,0.991,5.132,4.702,4.721,
14.260,21.861,-1.885,-6.467,1.866,0.894,5.080,1.647,1.376,1.115,4.654,3.755,2.355,0.000,0.888,1.641,2.916,0.000,2.791,0.000,0.000,0.000,0.000,0.000,0.000,0.000,0.000,0.000,0.000,0.000,3.142,6.280,0.000,1.005,1.569,1.568,4.084,6.281,1.199,4.712,0.000,0.000,-2.372,-6.000,0.990,5.009,4.697,4.726,5.282,4.711,4.710,2.197,6.282,5.083,1.570,0.000,0.000,-1.744,-5.808,0.991,5.009,4.700,4.723,
14.356,21.957,-1.910,-6.379,1.779,0.938,5.434,1.964,1.441,1.094,0.000,2.880,2.670,0.000,0.917,1.579,2.918,0.000,2.861,0.000,0.000,0.000,0.000,0.000,0.000,0.000,0.000,0.000,0.000,0.000,3.142,6.281,0.001,1.004,1.569,1.568,4.085,6.281,1.199,4.712,0.000,0.000,-2.354,-5.871,0.990,4.922,4.689,4.734,5.282,4.711,4.711,2.197,6.282,5.083,1.570,0.000,0.000,-1.712,-5.735,0.991,4.922,4.692,4.732,
14.460,22.061,-1.927,-6.291,1.706,0.883,5.388,4.197,1.519,1.086,4.784,3.026,2.892,0.000,0.944,1.536,3.094,0.000,2.966,0.000,0.000,0.000,0.000,0.000,0.000,0.000,0.000,0.000,0.000,0.000,3.142,6.281,0.001,1.004,1.569,1.568,4.085,6.281,1.199,4.712,0.000,0.000,-2.333,-5.751,0.990,4.849,4.675,4.748,5.281,4.711,4.710,2.197,6.282,5.083,1.570,0.000,0.000,-1.683,-5.663,0.990,4.849,4.678,4.745,
14.553,22.153,-1.937,-6.207,1.621,0.857,5.248,0.000,1.651,1.094,0.000,2.527,2.954,0.000,0.972,1.490,2.688,0.000,3.036,0.000,0.000,0.000,0.000,0.000,0.000,0.000,0.000,0.000,0.000,0.000,3.142,6.280,0.001,1.004,1.568,1.567,4.085,6.281,1.199,4.712,0.000,0.000,-2.296,-5.635,0.990,4.765,4.620,4.803,5.282,4.711,4.710,2.197,6.282,5.083,1.570,0.000,0.000,-1.641,-5.601,0.990,4.765,4.625,4.799,
14.660,22.261,-1.939,-6.121,1.527,0.888,5.210,2.905,1.485,1.122,1.110,2.468,0.000,0.000,1.004,1.498,2.354,0.000,3.142,0.000,0.000,0.000,0.000,0.000,0.000,0.000,0.000,0.000,0.000,0.000,3.142,6.280,0.001,1.004,1.569,1.567,4.085,6.281,1.199,4.712,0.000,0.000,-2.243,-5.518,0.990,4.754,1.684,1.457,5.282,4.711,4.710,2.197,6.282,5.083,1.570,0.000,0.000,-1.587,-5.546,0.991,4.755,1.670,1.471,
14.760,22.361,-1.934,-6.033,1.437,0.902,5.299,2.630,1.302,1.170,1.090,0.000,4.911,0.000,1.036,1.460,2.123,0.000,2.545,0.000,0.000,0.000,0.000,0.000,0.000,0.000,0.000,0.000,0.000,0.000,3.142,6.281,0.001,1.004,1.569,1.568,4.085,6.281,1.199,4.712,0.000,0.000,-2.182,-5.405,0.990,4.844,1.608,1.533,5.282,4.711,4.710,2.197,6.282,5.083,1.570,0.000,0.000,-1.531,-5.492,0.991,4.845,1.604,1.537,
14.840,22.441,-1.920,-5.946,1.352,0.886,5.306,2.727,1.151,1.236,1.088,0.000,4.973,3.181,1.068,1.428,4.604,0.000,2.650,0.000,0.000,0.000,0.000,0.000,0.000,0.000,0.000,0.000,0.000,0.000,3.142,6.281,0.001,1.004,1.569,1.568,4.085,6.281,1.199,4.712,0.000,0.000,-2.114,-5.299,0.990,4.929,1.594,1.547,5.282,4.711,4.710,2.197,6.282,5.083,1.570,0.000,0.000,-1.473,-5.442,0.991,4.930,1.591,1.550,
14.960,22.561,-1.904,-5.879,1.283,0.878,5.281,3.199,1.260,1.308,1.097,4.847,3.860,3.017,1.096,1.405,0.000,0.000,2.720,0.000,0.000,0.000,0.000,0.000,0.000,0.000,0.000,0.000,0.000,0.000,3.142,6.281,0.001,1.004,1.569,1.567,4.085,6.281,1.199,4.712,0.000,0.000,-2.054,-5.220,0.990,4.998,1.588,1.553,5.282,4.711,4.710,2.197,6.282,5.083,1.570,0.000,0.000,-1.424,-5.406,0.991,4.999,1.586,1.555,
15.060,22.661,-1.870,-5.772,1.227,1.037,0.006,2.727,1.594,1.402,1.130,0.000,3.428,2.995,1.097,1.370,0.000,0.000,2.791,0.000,0.000,0.000,0.000,0.000,0.000,0.000,0.000,0.000,0.000,0.000,3.142,6.281,0.000,1.004,1.570,1.570,4.084,6.281,1.199,4.712,0.000,0.000,-1.981,-5.107,0.990,5.057,1.583,1.559,5.282,4.711,4.712,2.198,6.281,5.083,1.571,0.000,0.000,-1.363,-5.328,0.991,5.057,1.583,1.559,
15.160,22.761,-1.835,-5.673,1.228,1.072,6.262,2.622,3.860,1.445,1.165,1.574,3.532,3.148,1.052,1.335,0.000,0.000,2.791,0.000,0.000,0.000,0.000,0.000,0.000,0.000,0.000,0.000,0.000,0.000,3.142,6.283,0.000,1.003,1.569,1.569,4.085,6.281,1.199,4.712,0.000,0.000,-1.946,-5.008,0.990,5.055,1.585,1.556,5.281,4.711,4.711,2.198,6.282,5.083,1.570,0.000,0.000,-1.328,-5.228,0.990,5.055,1.584,1.558,
15.260,22.861,-1.807,-5.596,1.229,1.011,6.263,2.541,3.944,1.178,1.193,1.479,3.614,3.267,1.017,1.257,0.000,0.000,2.791,0.000,0.000,0.000,0.000,0.000,0.000,0.000,0.000,0.000,0.000,0.000,3.142,6.283,0.000,1.003,1.570,1.570,4.086,6.281,1.199,4.712,0.000,0.000,-1.919,-4.930,0.990,5.055,1.586,1.555,5.281,4.711,4.712,2.198,6.282,5.083,1.570,0.000,0.000,-1.301,-5.150,0.990,5.055,1.584,1.558,
15.355,22.956,-1.768,-5.486,1.230,0.981,6.262,2.424,4.062,0.994,1.232,1.528,3.729,3.436,1.112,1.264,0.000,0.000,2.826,0.000,0.000,0.000,0.000,0.000,0.000,0.000,0.000,0.000,0.000,0.000,3.142,6.282,0.000,1.004,1.569,1.569,4.085,6.281,1.199,4.712,0.000,0.000,-1.881,-4.821,0.990,5.053,1.585,1.556,5.281,4.711,4.711,2.198,6.282,5.083,1.570,0.000,0.000,-1.262,-5.040,0.990,5.053,1.584,1.558,
15.460,23.061,-1.742,-5.412,1.230,1.013,6.263,2.345,4.142,0.869,1.258,1.561,3.807,3.551,1.235,0.000,1.620,0.000,2.826,0.000,0.000,0.000,0.000,0.000,0.000,0.000,0.000,3.838,0.000,0.000,3.142,6.282,0.000,1.004,1.569,1.569,4.085,6.281,1.199,4.712,0.000,0.000,-1.855,-4.747,0.990,5.053,1.585,1.557,5.281,4.711,4.711,2.198,6.282,5.083,1.570,0.000,0.000,-1.237,-4.966,0.990,5.053,1.584,1.558,
15.560,23.161,-1.701,-5.298,1.231,1.027,6.264,2.223,4.266,0.802,1.299,1.612,3.927,3.727,1.506,0.000,1.421,0.000,2.826,0.000,0.000,0.000,0.000,0.000,0.000,0.000,0.000,3.815,0.000,0.000,3.142,6.282,0.000,1.004,1.569,1.569,4.085,6.281,1.199,4.712,0.000,0.000,-1.815,-4.633,0.990,5.052,1.585,1.556,5.281,4.711,4.711,2.198,6.282,5.083,1.570,0.000,0.000,-1.196,-4.852,0.990,5.052,1.584,1.557,
15.660,23.261,-1.675,-5.223,1.231,1.010,6.264,2.141,3.088,0.835,1.325,1.645,4.006,3.844,1.472,0.000,1.379,0.000,2.826,0.000,0.000,0.000,0.000,0.000,0.000,0.000,0.000,3.850,0.000,0.000,3.142,6.283,0.000,1.004,1.569,1.569,4.085,6.281,1.199,4.712,0.000,0.000,-1.788,-4.558,0.990,5.052,1.585,1.556,5.281,4.711,4.711,2.198,6.282,5.083,1.570,0.000,0.000,-1.170,-4.776,0.990,5.052,1.584,1.557,
15.742,23.343,-1.641,-5.125,1.258,0.714,0.812,2.435,3.161,0.861,1.360,1.723,4.155,0.000,1.401,0.000,1.426,0.000,2.826,0.000,0.000,0.000,0.000,0.000,0.000,0.000,0.000,4.163,0.000,0.000,3.142,0.002,0.000,1.002,1.571,1.573,4.088,6.281,1.200,4.712,0.000,0.000,-1.769,-4.464,0.990,5.030,1.591,1.551,5.281,4.713,4.715,2.199,6.281,5.083,1.571,0.000,0.000,-1.145,-4.666,0.991,5.029,1.582,1.560,
15.860,23.461,-1.626,-5.076,1.339,0.648,1.400,2.334,3.388,0.835,1.383,1.865,0.000,1.614,1.311,4.366,1.504,0.000,3.142,0.000,0.000,0.000,0.000,0.000,0.000,0.000,0.000,0.000,0.000,0.000,3.142,0.002,0.000,1.003,1.571,1.571,4.086,6.281,1.199,4.712,0.000,0.000,-1.809,-4.427,0.990,4.946,1.591,1.550,5.282,4.713,4.713,2.198,6.282,5.083,1.571,0.000,0.000,-1.170,-4.578,0.991,4.946,1.584,1.558,
15.959,23.560,-1.610,-4.992,1.476,0.808,0.889,1.661,2.641,0.798,1.434,0.000,4.184,1.357,1.316,4.394,1.704,0.000,3.106,0.000,0.000,0.000,0.000,0.000,0.000,0.000,0.000,0.000,0.000,0.000,3.142,6.283,0.000,1.004,1.569,1.567,4.084,6.282,1.199,4.712,0.000,0.000,-1.883,-4.374,0.990,4.804,1.613,1.527,5.282,4.711,4.710,2.198,6.283,5.083,1.570,0.000,0.000,-1.229,-4.436,0.991,4.805,1.610,1.531,
16.060,23.661,-1.603,-4.911,1.498,0.821,6.269,1.557,2.563,0.799,1.449,0.000,4.258,1.471,4.014,3.903,1.286,0.000,3.106,0.000,0.000,0.000,0.000,0.000,0.000,0.000,0.000,0.000,0.000,0.000,3.142,6.282,0.001,1.004,1.569,1.568,4.085,6.281,1.199,4.712,0.000,0.000,-1.889,-4.299,0.990,4.784,1.639,1.501,5.281,4.711,4.710,2.197,6.282,5.083,1.570,0.000,0.000,-1.234,-4.347,0.990,4.784,1.639,1.502,
16.160,23.761,-1.599,-4.849,1.498,0.755,6.274,1.496,2.572,0.804,1.454,0.000,4.319,1.543,4.177,3.898,1.232,0.000,3.106,0.000,0.000,0.000,0.000,0.000,0.000,0.000,0.000,0.000,0.000,0.000,3.142,6.282,0.001,1.004,1.569,1.569,4.085,6.281,1.199,4.712,0.000,0.000,-1.884,-4.238,0.990,4.785,1.640,1.501,5.281,4.711,4.711,2.197,6.282,5.083,1.570,0.000,0.000,-1.229,-4.285,0.990,4.785,1.638,1.503,
16.260,23.861,-1.592,-4.763,1.497,0.739,6.273,1.411,2.585,0.810,1.460,0.000,4.406,1.644,4.406,1.153,1.378,0.000,3.106,0.000,0.000,0.000,0.000,0.000,0.000,0.000,0.000,0.000,0.000,0.000,3.142,6.282,0.000,1.004,1.569,1.569,4.084,6.281,1.199,4.712,0.000,0.000,-1.877,-4.152,0.990,4.785,1.633,1.507,5.281,4.711,4.711,2.197,6.282,5.083,1.570,0.000,0.000,-1.223,-4.199,0.990,4.785,1.637,1.504,
16.360,23.961,-1.587,-4.689,1.498,0.756,6.270,1.338,2.593,0.816,0.792,2.276,4.480,1.732,4.609,1.071,1.282,0.000,3.106,0.000,0.000,0.000,0.000,0.000,0.000,0.000,0.000,0.000,0.000,0.000,3.142,6.283,0.000,1.003,1.569,1.569,4.086,6.281,1.199,4.712,0.000,0.000,-1.872,-4.078,0.990,4.786,1.640,1.501,5.281,4.711,4.711,2.198,6.282,5.083,1.570,0.000,0.000,-1.217,-4.126,0.990,4.786,1.630,1.511,
16.460,24.061,-1.582,-4.620,1.525,0.662,0.821,1.247,2.499,0.813,0.803,2.541,4.542,1.957,0.000,1.125,1.167,0.000,3.071,0.000,0.000,0.000,0.000,0.000,0.000,0.000,0.000,0.000,0.000,0.000,3.142,0.002,0.000,1.002,1.571,1.573,4.087,6.281,1.199,4.712,0.000,0.000,-1.881,-4.016,0.990,4.763,1.682,1.460,5.281,4.713,4.714,2.199,6.281,5.083,1.571,0.000,0.000,-1.226,-4.047,0.991,4.762,1.638,1.504,
16.560,24.161,-1.581,-4.574,1.587,0.503,0.795,1.160,2.299,0.799,0.821,0.000,4.583,1.791,0.000,1.147,1.060,0.000,3.001,0.000,0.000,0.000,0.000,0.000,0.000,0.000,0.000,0.000,0.000,0.000,3.142,0.002,0.001,1.003,1.570,1.569,4.087,6.281,1.199,4.712,0.000,0.000,-1.919,-3.990,0.990,4.730,4.367,5.057,5.281,4.712,4.712,2.198,6.282,5.083,1.570,0.000,0.000,-1.263,-3.980,0.991,4.729,4.483,4.941,
16.660,24.261,-1.582,-4.533,1.615,0.400,6.266,1.102,2.219,0.792,0.829,0.000,4.629,1.730,0.000,1.160,1.084,0.000,3.001,0.000,0.000,0.000,0.000,0.000,0.000,0.000,0.000,0.000,0.000,0.000,3.142,6.283,0.000,1.004,1.568,1.567,4.085,6.281,1.199,4.712,0.000,0.000,-1.938,-3.959,0.990,4.759,4.604,4.820,5.281,4.711,4.710,2.198,6.282,5.083,1.570,0.000,0.000,-1.282,-3.930,0.990,4.759,4.615,4.808,
16.747,24.348,-1.584,-4.481,1.615,0.510,6.269,1.051,2.215,0.789,0.827,0.000,4.681,1.733,0.000,1.162,1.088,0.000,3.001,0.000,0.000,0.000,0.000,0.000,0.000,0.000,0.000,0.000,0.000,0.000,3.142,6.282,0.000,1.004,1.569,1.568,4.084,6.281,1.199,4.712,0.000,0.000,-1.939,-3.907,0.990,4.758,4.619,4.805,5.281,4.711,4.711,2.197,6.282,5.083,1.570,0.000,0.000,-1.284,-3.878,0.990,4.758,4.609,4.815,
16.860,24.461,-1.586,-4.440,1.615,0.542,6.268,1.010,2.212,0.787,0.825,0.000,4.722,1.736,0.000,1.164,1.092,0.000,3.001,0.000,0.000,0.000,0.000,0.000,0.000,0.000,0.000,0.000,0.000,0.000,3.142,6.282,0.000,1.004,1.569,1.569,4.085,6.281,1.199,4.712,0.000,0.000,-1.941,-3.866,0.990,4.757,4.608,4.816,5.281,4.711,4.711,2.198,6.282,5.083,1.570,0.000,0.000,-1.285,-3.836,0.990,4.758,4.608,4.816,
16.960,24.561,-1.589,-4.380,1.615,0.484,6.268,0.950,2.207,0.785,0.822,0.000,4.782,1.740,0.000,1.167,1.097,0.000,3.001,0.000,0.000,0.000,0.000,0.000,0.000,0.000,0.000,0.000,0.000,0.000,3.142,6.282,0.000,1.004,1.569,1.569,4.085,6.281,1.199,4.712,0.000,0.000,-1.943,-3.806,0.990,4.757,4.600,4.824,5.281,4.711,4.711,2.198,6.282,5.083,1.570,0.000,0.000,-1.288,-3.777,0.990,4.757,4.608,4.816,
17.060,24.661,-1.591,-4.334,1.615,0.472,6.268,0.905,2.203,0.783,0.820,0.000,4.828,1.663,0.000,1.170,1.101,0.000,3.001,0.000,0.000,0.000,0.000,0.000,0.000,0.000,0.000,0.000,0.000,0.000,3.142,6.282,0.000,1.004,1.569,1.569,4.085,6.281,1.199,4.712,0.000,0.000,-1.946,-3.761,0.990,4.758,4.608,4.816,5.281,4.711,4.711,2.198,6.282,5.083,1.570,0.000,0.000,-1.290,-3.731,0.990,4.758,4.609,4.815,
17.160,24.761,-1.593,-4.297,1.616,0.494,6.267,0.868,2.200,0.781,0.818,0.000,4.865,1.665,0.000,1.172,1.105,0.000,3.001,0.000,0.000,0.000,0.000,0.000,0.000,0.000,0.000,0.000,0.000,0.000,3.142,6.282,0.000,1.004,1.569,1.569,4.085,6.281,1.199,4.712,0.000,0.000,-1.948,-3.723,0.990,4.758,4.610,4.813,5.281,4.711,4.711,2.198,6.282,5.083,1.570,0.000,0.000,-1.292,-3.694,0.990,4.758,4.610,4.814,
17.260,24.861,-1.595,-4.239,1.616,0.505,6.267,0.810,2.195,0.996,0.815,0.000,4.923,1.668,0.000,1.175,1.110,0.000,3.001,0.000,0.000,0.000,0.000,0.000,0.000,0.000,0.000,0.000,0.000,0.000,3.142,6.282,0.000,1.004,1.569,1.569,4.085,6.281,1.199,4.712,0.000,0.000,-1.950,-3.665,0.990,4.758,4.607,4.817,5.281,4.711,4.711,2.198,6.282,5.083,1.570,0.000,0.000,-1.295,-3.635,0.990,4.758,4.611,4.814,
17.360,24.961,-1.597,-4.191,1.616,0.491,6.267,0.762,2.191,0.994,0.813,2.678,4.972,1.689,1.084,0.837,1.115,0.000,3.001,0.000,0.000,0.000,0.000,0.000,0.000,0.000,0.000,0.000,0.000,0.000,3.142,6.282,0.000,1.004,1.569,1.569,4.085,6.281,1.199,4.712,0.000,0.000,-1.953,-3.617,0.990,4.758,4.607,4.817,5.281,4.711,4.711,2.198,6.282,5.083,1.570,0.000,0.000,-1.297,-3.587,0.990,4.759,4.611,4.813,
17.460,25.061,-1.599,-4.144,1.616,0.488,6.267,0.715,2.187,1.443,0.811,2.675,0.000,1.750,1.086,1.179,1.119,0.000,3.142,0.000,0.000,0.000,0.000,0.000,0.000,0.000,0.000,0.000,0.000,0.000,3.142,6.282,0.000,1.004,1.569,1.569,4.085,6.281,1.199,4.712,0.000,0.000,-1.955,-3.570,0.990,4.759,4.609,4.815,5.281,4.711,4.711,2.198,6.282,5.083,1.570,0.000,0.000,-1.300,-3.540,0.990,4.759,4.612,4.812,
17.551,25.152,-1.602,-4.096,1.617,0.495,6.267,0.668,2.183,1.441,0.809,2.672,0.000,1.812,1.089,1.182,1.124,0.000,3.142,0.000,0.000,0.000,0.000,0.000,0.000,0.000,0.000,0.000,0.000,0.000,3.142,6.282,0.000,1.004,1.569,1.569,4.085,6.281,1.199,4.712,0.000,0.000,-1.957,-3.523,0.990,4.759,4.610,4.814,5.281,4.711,4.711,2.198,6.282,5.083,1.570,0.000,0.000,-1.302,-3.492,0.990,4.759,4.613,4.811,
17.660,25.261,-1.603,-4.061,1.615,0.365,6.114,0.634,2.185,1.440,0.806,2.661,0.000,1.854,1.091,1.006,1.123,0.000,3.142,0.000,0.000,0.000,0.000,0.000,0.000,0.000,0.000,0.000,0.000,0.000,3.142,6.283,0.001,1.003,1.569,1.569,4.086,6.281,1.199,4.712,0.000,0.000,-1.958,-3.487,0.990,4.758,4.585,4.839,5.281,4.711,4.711,2.197,6.282,5.083,1.570,0.000,0.000,-1.303,-3.458,0.990,4.758,4.596,4.828,
17.760,25.361,-1.604,-4.040,1.540,0.091,5.212,0.638,2.407,1.471,0.784,2.378,0.000,1.864,1.117,1.154,1.010,0.000,3.142,0.000,0.000,0.000,0.000,0.000,0.000,0.000,0.000,0.000,0.000,0.000,3.142,6.281,0.001,1.004,1.569,1.567,4.086,6.281,1.199,4.712,0.000,0.000,-1.916,-3.440,0.990,4.741,1.749,1.392,5.281,4.711,4.710,2.197,6.282,5.083,1.570,0.000,0.000,-1.260,-3.460,0.990,4.742,1.733,1.408,
17.860,25.461,-1.604,-4.030,1.474,0.156,5.985,0.656,2.660,1.507,0.769,2.185,0.000,2.164,0.000,1.133,0.930,0.000,3.142,0.000,0.000,0.000,0.000,0.000,0.000,0.000,0.000,0.000,0.000,0.000,3.142,6.281,0.000,1.004,1.570,1.571,4.084,6.281,1.199,4.712,0.000,0.000,-1.873,-3.413,0.990,4.811,1.613,1.529,5.282,4.712,4.713,2.197,6.281,5.083,1.571,0.000,0.000,-1.220,-3.475,0.991,4.811,1.613,1.528,
17.960,25.561,-1.602,-4.014,1.472,0.264,6.262,0.641,2.672,1.510,0.771,2.182,0.000,2.169,1.145,1.131,0.925,0.000,3.142,0.000,0.000,0.000,0.000,0.000,0.000,0.000,0.000,0.000,0.000,0.000,3.142,6.282,0.000,1.004,1.569,1.569,4.084,6.281,1.199,4.712,0.000,0.000,-1.871,-3.396,0.990,4.811,1.616,1.525,5.281,4.711,4.711,2.198,6.282,5.083,1.570,0.000,0.000,-1.219,-3.460,0.990,4.811,1.616,1.526,
18.060,25.661,-1.600,-3.989,1.473,0.254,6.262,0.616,2.673,1.513,0.773,1.172,0.000,2.160,1.142,1.128,0.922,0.000,3.142,0.000,0.000,0.000,0.000,0.000,0.000,0.000,0.000,0.000,0.000,0.000,3.142,6.283,0.000,1.003,1.570,1.570,4.086,6.281,1.199,4.712,0.000,0.000,-1.869,-3.370,0.990,4.811,1.624,1.517,5.281,4.711,4.712,2.198,6.282,5.083,1.570,0.000,0.000,-1.216,-3.435,0.990,4.810,1.616,1.525,
18.160,25.761,-1.597,-3.966,1.474,0.177,6.263,0.592,2.672,1.514,0.776,1.177,0.000,2.152,1.139,1.126,0.920,0.000,3.142,0.000,0.000,0.000,0.000,0.000,0.000,0.000,0.000,0.000,0.000,0.000,3.142,6.283,0.000,1.003,1.569,1.569,4.086,6.281,1.199,4.712,0.000,0.000,-1.867,-3.348,0.990,4.809,1.623,1.517,5.281,4.711,4.712,2.198,6.282,5.083,1.570,0.000,0.000,-1.214,-3.411,0.990,4.809,1.617,1.524,
18.260,25.861,-1.596,-3.949,1.475,0.198,6.262,0.576,1.961,1.516,0.778,1.181,0.000,2.147,1.137,1.125,0.918,0.000,3.142,0.000,0.000,0.000,0.000,0.000,0.000,0.000,0.000,0.000,0.000,0.000,3.142,6.282,0.000,1.004,1.569,1.569,4.085,6.281,1.199,4.712,0.000,0.000,-1.867,-3.332,0.990,4.808,1.620,1.521,5.281,4.711,4.711,2.198,6.282,5.083,1.570,0.000,0.000,-1.214,-3.394,0.990,4.808,1.618,1.523,
18.360,25.961,-1.594,-3.934,1.475,0.226,6.262,0.560,1.943,1.517,0.779,1.184,0.000,2.142,1.135,1.124,0.917,0.000,3.142,0.000,0.000,0.000,0.000,0.000,0.000,0.000,0.000,0.000,0.000,0.000,3.142,6.282,0.000,1.004,1.569,1.569,4.085,6.281,1.199,4.712,0.000,0.000,-1.865,-3.316,0.990,4.808,1.621,1.520,5.281,4.711,4.711,2.198,6.282,5.083,1.570,0.000,0.000,-1.212,-3.378,0.990,4.808,1.618,1.523,
18.460,26.061,-1.592,-3.909,1.476,0.217,6.263,0.535,1.914,1.519,0.782,1.189,0.000,2.037,1.132,0.924,0.914,0.000,3.142,0.000,0.000,0.000,0.000,0.000,0.000,0.000,0.000,0.000,0.000,0.000,3.142,6.283,0.000,1.003,1.569,1.569,4.085,6.281,1.199,4.712,0.000,0.000,-1.863,-3.291,0.990,4.807,1.623,1.517,5.281,4.711,4.711,2.198,6.282,5.083,1.570,0.000,0.000,-1.210,-3.353,0.990,4.807,1.619,1.522,
18.552,26.152,-1.590,-3.890,1.477,0.202,6.263,0.516,1.892,1.521,0.857,1.192,0.000,2.031,1.133,0.838,0.911,0.000,3.142,0.000,0.000,0.000,0.000,0.000,0.000,0.000,0.000,0.000,0.000,0.000,3.142,6.282,0.000,1.004,1.569,1.569,4.085,6.281,1.199,4.712,0.000,0.000,-1.862,-3.272,0.990,4.807,1.623,1.518,5.281,4.711,4.711,2.198,6.282,5.083,1.570,0.000,0.000,-1.209,-3.334,0.990,4.806,1.619,1.522,
18.660,26.261,-1.588,-3.871,1.477,0.208,6.264,0.497,1.871,1.522,0.931,1.196,0.000,2.026,1.182,0.755,0.909,0.000,3.142,0.000,0.000,0.000,0.000,0.000,0.000,0.000,0.000,0.000,0.000,0.000,3.142,6.282,0.000,1.004,1.569,1.569,4.085,6.281,1.199,4.712,0.000,0.000,-1.861,-3.254,0.990,4.806,1.622,1.518,5.281,4.711,4.711,2.198,6.282,5.083,1.570,0.000,0.000,-1.207,-3.315,0.990,4.806,1.620,1.521,
18.760,26.361,-1.586,-3.843,1.483,0.558,0.254,0.467,1.845,1.521,1.020,1.209,0.000,2.001,1.176,0.618,0.912,0.000,3.142,0.000,0.000,0.000,0.000,0.000,0.000,0.000,0.000,0.000,0.000,0.000,3.142,6.281,6.283,1.006,1.569,1.569,4.081,6.281,1.199,4.712,0.000,0.000,-1.862,-3.229,0.990,4.799,1.598,1.542,5.281,4.711,4.711,2.198,6.282,5.083,1.570,0.000,0.000,-1.208,-3.285,0.991,4.800,1.613,1.528,
18.860,26.461,-1.579,-3.749,1.559,0.946,1.269,0.356,2.389,1.489,1.084,1.348,0.000,2.174,1.136,0.611,1.177,0.000,3.142,0.000,0.000,0.000,0.000,0.000,0.000,0.000,0.000,0.000,0.000,0.000,3.142,0.001,0.000,1.004,1.571,1.571,4.085,6.281,1.199,4.712,0.000,0.000,-1.899,-3.156,0.990,4.728,1.863,1.278,5.282,4.713,4.714,2.198,6.282,5.083,1.571,0.000,0.000,-1.243,-3.164,0.991,4.728,1.758,1.384,
18.956,26.557,-1.580,-3.670,1.683,0.629,0.807,0.333,2.059,1.443,0.981,3.045,0.000,3.240,1.101,0.643,0.998,0.000,3.142,0.000,0.000,0.000,0.000,0.000,0.000,0.000,0.000,0.000,0.000,0.000,3.142,0.002,0.000,1.002,1.570,1.568,4.087,6.283,1.199,4.712,0.000,0.000,-1.973,-3.121,0.990,4.827,4.665,4.757,5.279,4.714,4.713,2.208,0.010,5.076,1.568,0.001,0.000,-1.321,-3.051,0.991,4.832,4.683,4.741,
19.060,26.661,-1.585,-3.628,1.693,0.277,6.230,0.330,2.029,1.435,1.053,3.098,0.000,3.804,1.104,0.652,0.952,0.000,3.142,0.000,0.000,0.000,0.000,0.000,0.000,0.000,0.000,0.000,0.000,0.000,3.142,0.001,0.000,1.002,1.570,1.570,4.087,6.281,1.199,4.712,0.000,0.000,-1.982,-3.083,0.990,4.834,4.663,4.760,5.281,4.714,4.715,2.206,0.008,5.071,1.568,0.001,0.000,-1.331,-3.006,0.991,4.840,4.654,4.770,
19.160,26.761,-1.588,-3.601,1.694,0.362,6.272,0.330,2.023,1.432,1.111,3.095,0.000,3.842,1.107,0.656,0.960,0.000,3.142,0.000,0.000,0.000,0.000,0.000,0.000,0.000,0.000,0.000,0.000,0.000,3.142,6.281,0.000,1.005,1.569,1.568,4.083,6.281,1.199,4.712,0.000,0.000,-1.987,-3.058,0.990,4.837,4.684,4.740,5.282,4.713,4.713,2.199,0.008,5.079,1.568,0.001,0.000,-1.337,-2.977,0.990,4.842,4.665,4.759,
19.243,26.843,-1.594,-3.558,1.693,0.524,6.202,0.329,2.018,1.426,1.211,3.077,0.000,3.899,0.607,0.662,0.557,0.000,3.142,0.000,0.000,0.000,0.000,0.000,0.000,0.000,0.000,0.000,0.000,0.000,3.142,6.281,6.283,1.005,1.569,1.568,4.082,6.282,1.199,4.712,0.000,0.000,-1.992,-3.014,0.990,4.836,4.688,4.736,5.279,4.718,4.717,2.207,0.024,5.077,1.565,0.002,0.000,-1.341,-2.936,0.991,4.850,4.690,4.736,
19.360,26.961,-1.599,-3.512,1.686,0.420,6.231,0.326,2.024,1.423,1.073,3.025,0.000,3.936,0.613,0.665,0.544,0.000,3.142,0.000,0.000,0.000,0.000,0.000,0.000,0.000,0.000,0.000,0.000,0.000,3.142,0.000,6.283,1.003,1.571,1.571,4.085,6.282,1.200,4.712,0.000,0.000,-1.992,-2.964,0.990,4.826,4.674,4.750,5.280,4.724,4.726,2.208,0.042,5.075,1.561,0.003,0.000,-1.341,-2.892,0.991,4.850,4.687,4.740,
19.460,27.061,-1.604,-3.473,1.697,0.449,0.184,0.325,1.994,1.415,1.074,3.082,0.000,4.032,0.617,0.674,0.535,0.000,3.142,0.000,0.000,0.000,0.000,0.000,0.000,0.000,0.000,0.000,0.000,0.000,3.142,6.283,0.000,1.004,1.570,1.569,4.085,6.282,1.199,4.712,0.000,0.000,-2.004,-2.930,0.990,4.840,4.678,4.746,5.282,4.715,4.715,2.200,0.010,5.080,1.568,0.001,0.000,-1.353,-2.848,0.991,4.845,4.677,4.747,
19.547,27.148,-1.609,-3.431,1.701,0.425,6.083,0.325,1.977,1.408,1.097,3.095,0.000,4.107,0.622,0.682,0.532,0.000,3.142,0.000,0.000,0.000,0.000,0.000,0.000,0.000,0.000,0.000,0.000,0.000,3.142,6.281,6.283,1.004,1.569,1.568,4.082,6.283,1.199,4.712,0.000,0.000,-2.013,-2.890,0.990,4.846,4.691,4.733,5.286,4.724,4.720,2.219,0.037,5.046,1.566,0.003,0.000,-1.362,-2.810,0.991,4.866,4.612,4.814,
19.660,27.261,-1.613,-3.401,1.698,0.373,6.197,0.323,1.978,1.405,1.556,1.631,0.000,4.136,0.626,0.685,0.531,0.000,3.142,0.000,0.000,0.000,0.000,0.000,0.000,0.000,0.000,0.000,0.000,0.000,3.142,6.283,6.283,1.003,1.570,1.570,4.084,6.282,1.199,4.712,0.000,0.000,-2.014,-2.859,0.990,4.840,4.682,4.742,5.289,4.725,4.722,2.213,0.039,5.046,1.565,0.003,0.000,-1.363,-2.779,0.991,4.863,4.588,4.838,
19.760,27.361,-1.619,-3.353,1.704,0.496,0.149,0.324,1.958,1.398,1.553,1.634,0.000,1.544,0.632,1.248,0.531,0.000,3.142,0.000,0.000,0.000,0.000,0.000,0.000,0.000,0.000,0.000,0.000,0.000,3.142,6.282,0.000,1.004,1.570,1.570,4.084,6.282,1.199,4.712,0.000,0.000,-2.023,-2.813,0.990,4.845,4.682,4.742,5.290,4.720,4.720,2.203,0.025,5.056,1.566,0.002,0.000,-1.373,-2.726,0.990,4.860,4.593,4.832,
19.860,27.461,-1.626,-3.303,1.707,0.489,6.238,0.323,1.941,1.390,1.548,1.631,0.000,1.548,0.638,1.258,0.524,0.000,3.142,0.000,0.000,0.000,0.000,0.000,0.000,0.000,0.000,0.000,0.000,0.000,3.142,6.282,0.000,1.004,1.570,1.569,4.085,6.282,1.199,4.712,0.000,0.000,-2.032,-2.765,0.990,4.851,4.682,4.742,5.287,4.722,4.719,2.209,0.032,5.054,1.566,0.002,0.000,-1.383,-2.678,0.990,4.870,4.611,4.815,
19.960,27.561,-1.630,-3.273,1.708,0.385,6.272,0.322,1.405,1.386,1.544,1.624,0.000,1.553,0.643,1.072,0.521,0.000,3.142,0.000,0.000,0.000,0.000,0.000,0.000,0.000,0.000,0.000,0.000,0.000,3.142,6.282,0.000,1.003,1.570,1.571,4.085,6.282,1.199,4.712,0.000,0.000,-2.036,-2.735,0.990,4.849,4.682,4.742,5.289,4.722,4.721,2.203,0.029,5.058,1.566,0.002,0.000,-1.386,-2.646,0.990,4.866,4.605,4.821,
20.060,27.661,-1.637,-3.226,1.711,0.448,6.206,0.321,1.343,1.378,1.539,1.620,0.000,1.557,0.649,0.960,0.516,0.000,3.142,0.000,0.000,0.000,0.000,0.000,0.000,0.000,0.000,0.000,0.000,0.000,3.142,6.282,0.000,1.004,1.569,1.569,4.084,6.282,1.199,4.712,0.000,0.000,-2.046,-2.690,0.990,4.855,4.685,4.739,5.287,4.721,4.718,2.207,0.030,5.057,1.566,0.002,0.000,-1.396,-2.600,0.990,4.873,4.615,4.810,
20.145,27.745,-1.641,-3.198,1.714,0.040,0.001,0.321,1.307,1.374,1.537,1.621,0.000,1.589,0.653,0.891,0.515,0.000,3.142,0.000,0.000,0.000,0.000,0.000,0.000,0.000,0.000,0.000,0.000,0.000,3.142,0.002,0.001,1.001,1.571,1.572,4.090,6.282,1.200,4.712,0.000,0.000,-2.049,-2.660,0.989,4.854,4.660,4.764,5.290,4.720,4.721,2.202,0.025,5.055,1.565,0.002,0.000,-1.400,-2.569,0.990,4.870,4.591,4.834,
20.260,27.861,-1.641,-3.199,1.716,-0.014,6.275,0.323,1.309,1.374,1.538,1.624,0.000,1.589,0.652,0.892,0.519,0.000,3.142,0.000,0.000,0.000,0.000,0.000,0.000,0.000,0.000,0.000,0.000,0.000,3.142,6.283,0.000,1.003,1.570,1.570,4.085,6.282,1.199,4.712,0.000,0.000,-2.050,-2.663,0.990,4.857,4.679,4.745,5.290,4.719,4.720,2.201,0.027,5.056,1.565,0.002,0.000,-1.402,-2.569,0.990,4.873,4.595,4.830,
20.360,27.961,-1.640,-3.202,1.715,-0.231,0.080,0.328,1.313,1.374,1.538,1.623,0.000,1.582,0.652,0.901,0.527,0.000,3.142,0.000,0.000,0.000,0.000,0.000,0.000,0.000,0.000,0.000,0.000,0.000,3.142,0.003,0.001,1.000,1.571,1.572,4.091,6.281,1.200,4.712,0.000,0.000,-2.048,-2.664,0.989,4.854,4.656,4.767,5.285,4.716,4.717,2.201,0.009,5.071,1.568,0.001,0.000,-1.399,-2.573,0.990,4.859,4.646,4.778,
20.460,28.061,-1.631,-3.269,1.714,-1.062,6.194,0.394,1.406,1.384,1.547,1.640,0.000,1.546,0.643,1.050,0.915,0.000,3.142,0.000,0.000,0.000,0.000,0.000,0.000,0.000,0.000,0.000,0.000,0.000,3.142,0.004,0.001,0.999,1.571,1.572,4.094,6.280,1.200,4.712,0.000,0.000,-2.039,-2.729,0.989,4.852,4.644,4.779,5.280,4.713,4.714,2.199,6.282,5.083,1.570,0.000,0.000,-1.389,-2.639,0.990,4.852,4.682,4.742,
20.560,28.161,-1.617,-3.370,1.713,-1.424,6.275,0.496,1.945,1.399,1.563,1.670,0.000,1.526,0.628,1.250,0.904,0.000,3.142,0.000,0.000,0.000,0.000,0.000,0.000,0.000,0.000,0.000,0.000,0.000,3.142,0.001,0.001,1.002,1.570,1.571,4.088,6.281,1.200,4.712,0.000,0.000,-2.024,-2.832,0.990,4.852,4.667,4.756,5.280,4.712,4.713,2.199,6.282,5.083,1.570,0.000,0.000,-1.375,-2.740,0.990,4.853,4.683,4.741,
20.660,28.261,-1.596,-3.516,1.713,-0.977,6.277,0.642,1.974,1.420,1.255,3.199,0.000,4.034,0.607,0.671,1.013,0.000,3.142,0.000,0.000,0.000,0.000,0.000,0.000,0.000,0.000,0.000,0.000,0.000,3.142,6.281,6.283,1.005,1.569,1.568,4.082,6.281,1.199,4.712,0.000,0.000,-2.006,-2.980,0.990,4.857,4.692,4.732,5.281,4.711,4.710,2.199,6.282,5.083,1.570,0.000,0.000,-1.356,-2.886,0.991,4.856,4.685,4.739,
20.742,28.343,-1.584,-3.598,1.713,-0.811,6.275,0.725,1.990,1.432,1.078,3.227,0.000,3.919,0.595,0.657,0.987,0.000,3.142,0.000,0.000,0.000,0.000,0.000,0.000,0.000,0.000,0.000,0.000,0.000,3.142,0.000,0.000,1.003,1.570,1.570,4.086,6.281,1.199,4.712,0.000,0.000,-1.993,-3.061,0.990,4.854,4.675,4.748,5.280,4.712,4.712,2.199,6.282,5.083,1.570,0.000,0.000,-1.343,-2.968,0.990,4.854,4.684,4.740,
20.860,28.461,-1.574,-3.667,1.714,-0.987,6.275,0.794,2.003,1.441,0.929,4.933,0.000,3.824,1.089,0.646,0.978,0.000,3.142,0.000,0.000,0.000,0.000,0.000,0.000,0.000,0.000,0.000,0.000,0.000,3.142,0.001,0.001,1.002,1.570,1.571,4.088,6.281,1.200,4.712,0.000,0.000,-1.982,-3.130,0.990,4.853,4.667,4.757,5.280,4.712,4.713,2.199,6.282,5.083,1.570,0.000,0.000,-1.333,-3.037,0.990,4.854,4.683,4.741,
20.960,28.561,-1.556,-3.794,1.714,-1.114,6.275,0.921,2.028,1.460,0.898,4.791,0.000,3.648,0.749,0.626,1.120,0.000,3.142,0.000,0.000,0.000,0.000,0.000,0.000,0.000,0.000,0.000,0.000,0.000,3.142,0.000,0.000,1.003,1.570,1.570,4.086,6.281,1.199,4.712,0.000,0.000,-1.965,-3.257,0.990,4.855,4.676,4.748,5.281,4.712,4.712,2.199,6.282,5.083,1.570,0.000,0.000,-1.316,-3.164,0.990,4.855,4.684,4.740,
21.060,28.661,-1.541,-3.897,1.714,-0.998,6.276,1.025,2.048,1.475,0.915,4.675,4.899,2.950,1.055,0.610,1.236,0.000,3.036,0.000,0.000,0.000,0.000,0.000,0.000,0.000,0.000,0.000,0.000,0.000,3.142,6.283,0.000,1.004,1.569,1.569,4.085,6.281,1.199,4.712,0.000,0.000,-1.950,-3.361,0.990,4.856,4.680,4.743,5.281,4.711,4.711,2.199,6.282,5.083,1.570,0.000,0.000,-1.301,-3.267,0.990,4.856,4.684,4.740,
21.160,28.761,-1.530,-3.972,1.714,-0.955,6.275,1.101,2.063,1.486,0.927,4.591,4.824,2.729,1.044,0.607,1.320,0.000,3.001,0.000,0.000,0.000,0.000,0.000,0.000,0.000,0.000,0.000,0.000,0.000,3.142,6.283,0.000,1.003,1.570,1.570,4.086,6.281,1.199,4.712,0.000,0.000,-1.939,-3.436,0.990,4.856,4.676,4.747,5.281,4.712,4.712,2.199,6.282,5.083,1.570,0.000,0.000,-1.290,-3.342,0.990,4.856,4.684,4.740,
21.260,28.861,-1.513,-4.087,1.715,-1.020,6.275,1.216,2.086,1.060,0.946,4.462,4.710,2.394,1.027,0.861,1.140,0.000,3.001,0.000,0.000,0.000,0.000,0.000,0.000,0.000,0.000,0.000,0.000,0.000,3.142,0.000,0.000,1.003,1.570,1.570,4.086,6.281,1.199,4.712,0.000,0.000,-1.923,-3.551,0.990,4.856,4.674,4.750,5.280,4.712,4.712,2.199,6.282,5.083,1.570,0.000,0.000,-1.273,-3.457,0.990,4.856,4.684,4.740,
21.360,28.961,-1.499,-4.188,1.715,-1.038,6.275,1.317,2.105,1.517,0.963,4.349,4.609,2.098,0.961,1.120,1.109,0.000,2.861,0.000,0.000,0.000,0.000,0.000,0.000,0.000,0.000,0.000,0.000,0.000,3.142,0.000,0.000,1.003,1.570,1.570,4.086,6.281,1.199,4.712,0.000,0.000,-1.908,-3.652,0.990,4.856,4.676,4.747,5.281,4.712,4.712,2.199,6.282,5.083,1.570,0.000,0.000,-1.259,-3.558,0.990,4.857,4.684,4.740,
21.460,29.061,-1.487,-4.268,1.716,-1.013,6.275,1.397,2.121,0.872,0.976,4.260,4.529,1.863,0.950,0.776,1.083,0.000,2.861,0.000,0.000,0.000,0.000,0.000,0.000,0.000,0.000,0.000,0.000,0.000,3.142,6.283,0.000,1.003,1.570,1.570,4.086,6.281,1.199,4.712,0.000,0.000,-1.897,-3.732,0.990,4.857,4.677,4.746,5.281,4.711,4.712,2.199,6.282,5.083,1.570,0.000,0.000,-1.248,-3.638,0.990,4.857,4.684,4.740,
21.560,29.161,-1.470,-4.385,1.716,-0.998,6.275,1.514,2.144,0.889,0.996,4.129,4.413,1.574,0.000,1.088,1.047,0.000,2.861,0.000,0.000,0.000,0.000,0.000,0.000,0.000,0.000,0.000,0.000,0.000,3.142,0.000,0.000,1.003,1.570,1.570,4.086,6.281,1.199,4.712,0.000,0.000,-1.880,-3.849,0.990,4.857,4.676,4.747,5.281,4.712,4.712,2.199,6.282,5.083,1.570,0.000,0.000,-1.231,-3.754,0.990,4.857,4.684,4.740,
21.660,29.261,-1.456,-4.482,1.716,-1.015,6.275,1.612,2.163,0.904,1.748,4.115,4.315,1.438,0.000,1.072,1.016,0.000,2.861,0.000,0.000,0.000,0.000,0.000,0.000,0.000,0.000,0.000,0.000,0.000,3.142,0.000,0.000,1.003,1.570,1.570,4.086,6.281,1.199,4.712,0.000,0.000,-1.866,-3.947,0.990,4.857,4.676,4.748,5.280,4.712,4.712,2.199,6.282,5.083,1.570,0.000,0.000,-1.217,-3.852,0.990,4.858,4.684,4.740,
21.760,29.361,-1.444,-4.562,1.717,-1.019,6.275,1.692,2.179,0.915,1.762,4.144,4.236,1.327,0.000,1.059,0.990,0.000,2.861,0.000,0.000,0.000,0.000,0.000,0.000,0.000,0.000,0.000,0.000,0.000,3.142,0.000,0.000,1.003,1.570,1.570,4.086,6.281,1.199,4.712,0.000,0.000,-1.855,-4.026,0.990,4.858,4.676,4.747,5.281,4.712,4.712,2.199,6.282,5.083,1.570,0.000,0.000,-1.205,-3.931,0.990,4.858,4.684,4.740,
21.860,29.461,-1.427,-4.680,1.717,-1.010,6.275,1.811,2.203,0.933,1.782,4.188,4.118,1.249,0.000,1.040,1.100,0.000,2.861,0.000,0.000,0.000,0.000,0.000,0.000,0.000,0.000,0.000,0.000,0.000,3.142,0.000,0.000,1.003,1.570,1.570,4.086,6.281,1.199,4.712,0.000,0.000,-1.837,-4.145,0.990,4.858,4.677,4.747,5.281,4.712,4.712,2.199,6.282,5.083,1.570,0.000,0.000,-1.188,-4.050,0.990,4.858,4.684,4.740,
21.960,29.561,-1.412,-4.778,1.717,-1.008,6.275,1.909,2.222,0.947,1.798,4.224,4.020,1.228,0.000,0.968,1.210,0.000,2.826,0.000,0.000,0.000,0.000,0.000,0.000,0.000,0.000,0.000,0.000,0.000,3.142,0.000,0.000,1.003,1.570,1.570,4.086,6.281,1.199,4.712,0.000,0.000,-1.823,-4.243,0.990,4.859,4.676,4.747,5.281,4.712,4.712,2.199,6.282,5.083,1.570,0.000,0.000,-1.174,-4.148,0.990,4.859,4.684,4.740,
22.060,29.661,-1.398,-4.877,1.718,-1.013,6.275,2.008,2.242,0.962,1.815,4.261,3.921,1.278,0.000,0.952,1.320,0.000,2.826,0.000,0.000,0.000,0.000,0.000,0.000,0.000,0.000,0.000,0.000,0.000,3.142,0.000,0.000,1.003,1.570,1.570,4.086,6.281,1.199,4.712,0.000,0.000,-1.809,-4.342,0.990,4.859,4.676,4.747,5.281,4.712,4.712,2.199,6.282,5.083,1.570,0.000,0.000,-1.160,-4.246,0.990,4.859,4.684,4.740,
22.146,29.747,-1.383,-4.975,1.718,-1.013,6.275,2.107,2.261,0.977,1.832,4.298,3.823,1.257,0.000,1.097,1.430,0.000,2.826,0.000,0.000,0.000,0.000,0.000,0.000,0.000,0.000,0.000,0.000,0.000,3.142,0.000,0.000,1.003,1.570,1.570,4.086,6.281,1.199,4.712,0.000,0.000,-1.794,-4.440,0.990,4.859,4.677,4.747,5.281,4.712,4.712,2.199,6.282,5.083,1.570,0.000,0.000,-1.145,-4.344,0.990,4.859,4.684,4.740,
22.260,29.861,-1.371,-5.054,1.718,-1.012,6.275,2.186,2.277,1.088,1.846,4.380,3.744,1.240,0.000,0.000,1.274,0.000,2.826,0.000,0.000,0.000,0.000,0.000,0.000,0.000,0.000,0.000,0.000,0.000,3.142,0.000,0.000,1.003,1.570,1.570,4.086,6.281,1.199,4.712,0.000,0.000,-1.783,-4.519,0.990,4.860,4.677,4.747,5.281,4.712,4.712,2.199,6.282,5.083,1.570,0.000,0.000,-1.134,-4.423,0.990,4.860,4.684,4.739,
22.360,29.961,-1.354,-5.172,1.719,-1.011,6.275,2.304,1.392,1.663,1.866,4.249,3.626,1.214,0.000,3.966,1.650,0.000,2.826,0.000,0.000,0.000,0.000,0.000,0.000,0.000,0.000,0.000,0.000,0.000,3.142,0.000,0.000,1.003,1.570,1.570,4.086,6.281,1.199,4.712,0.000,0.000,-1.765,-4.637,0.990,4.860,4.677,4.747,5.281,4.712,4.712,2.199,6.282,5.083,1.570,0.000,0.000,-1.117,-4.541,0.990,4.860,4.684,4.739,
22.460,30.061,-1.339,-5.270,1.719,-1.012,6.275,2.403,1.412,1.678,1.883,4.139,3.527,1.193,0.000,3.950,1.868,0.000,2.791,0.000,0.000,0.000,0.000,0.000,0.000,0.000,0.000,0.000,0.000,0.000,3.142,0.000,0.000,1.003,1.570,1.570,4.086,6.281,1.199,4.712,0.000,0.000,-1.751,-4.736,0.990,4.860,4.677,4.746,5.281,4.712,4.712,2.199,6.282,5.083,1.570,0.000,0.000,-1.102,-4.639,0.990,4.860,4.685,4.739,
22.560,30.161,-1.327,-5.349,1.719,-1.012,6.275,2.482,1.428,1.689,1.897,4.051,3.449,1.176,0.000,3.937,1.843,0.000,2.791,0.000,0.000,0.000,0.000,0.000,0.000,0.000,0.000,0.000,0.000,0.000,3.142,0.000,0.000,1.003,1.570,1.570,4.086,6.281,1.199,4.712,0.000,0.000,-1.739,-4.815,0.990,4.861,4.677,4.746,5.281,4.712,4.712,2.199,6.282,5.083,1.570,0.000,0.000,-1.090,-4.718,0.990,4.861,4.685,4.739,
22.660,30.261,-1.310,-5.467,1.720,-1.012,6.275,2.600,1.452,1.707,1.917,3.919,3.330,0.972,0.769,3.918,1.805,0.000,2.791,0.000,0.000,0.000,0.000,0.000,0.000,0.000,0.000,0.000,0.000,0.000,3.142,0.000,0.000,1.003,1.570,1.570,4.086,6.281,1.199,4.712,0.000,0.000,-1.722,-4.933,0.990,4.861,4.677,4.746,5.281,4.712,4.712,2.199,6.282,5.083,1.570,0.000,0.000,-1.073,-4.836,0.990,4.861,4.685,4.739,
22.760,30.361,-1.297,-5.552,1.720,-0.587,6.277,2.685,1.470,1.720,1.932,3.937,3.245,0.853,0.807,3.904,1.777,0.000,2.791,0.000,0.000,0.000,0.000,0.000,0.000,0.000,0.000,0.000,0.000,0.000,3.142,6.280,6.283,1.006,1.568,1.567,4.080,6.281,1.199,4.712,0.000,0.000,-1.711,-5.020,0.990,4.865,4.698,4.725,5.281,4.710,4.709,2.199,6.282,5.083,1.570,0.000,0.000,-1.062,-4.921,0.991,4.864,4.687,4.737,
22.860,30.461,-1.292,-5.587,1.720,-0.206,6.274,2.720,1.477,1.725,2.057,3.950,3.210,0.804,0.801,3.899,1.766,0.000,2.791,0.000,0.000,0.000,0.000,0.000,0.000,0.000,0.000,0.000,0.000,0.000,3.142,6.282,0.000,1.005,1.569,1.569,4.083,6.281,1.199,4.712,0.000,0.000,-1.705,-5.054,0.990,4.863,4.687,4.736,5.281,4.711,4.711,2.199,6.282,5.083,1.570,0.000,0.000,-1.056,-4.956,0.990,4.863,4.686,4.738,
22.960,30.561,-1.290,-5.596,1.720,-0.033,6.269,2.730,1.479,1.727,2.059,3.955,3.201,0.791,0.800,3.898,1.763,0.000,2.791,0.000,0.000,0.000,0.000,0.000,0.000,0.000,0.000,0.000,0.000,0.000,3.142,6.283,0.000,1.004,1.569,1.569,4.085,6.281,1.199,4.712,0.000,0.000,-1.703,-5.063,0.990,4.862,4.682,4.741,5.281,4.711,4.711,2.199,6.282,5.083,1.570,0.000,0.000,-1.054,-4.965,0.990,4.862,4.686,4.738,
23.060,30.661,-1.290,-5.597,1.721,0.000,6.262,2.730,1.479,1.727,2.059,3.956,3.201,0.791,0.800,3.898,1.764,0.000,2.791,0.000,0.000,0.000,0.000,0.000,0.000,0.000,0.000,0.000,0.000,0.000,3.142,6.283,0.000,1.003,1.569,1.569,4.085,6.281,1.199,4.712,0.000,0.000,-1.703,-5.063,0.990,4.862,4.679,4.745,5.281,4.711,4.712,2.198,6.282,5.083,1.570,0.000,0.000,-1.054,-4.965,0.990,4.862,4.684,4.740,
23.142,30.742,-1.290,-5.597,1.721,0.000,6.262,2.730,1.479,1.727,2.059,3.956,3.201,0.791,0.800,3.898,1.764,0.000,2.791,0.000,0.000,0.000,0.000,0.000,0.000,0.000,0.000,0.000,0.000,0.000,3.142,6.283,0.000,1.003,1.569,1.569,4.085,6.281,1.199,4.712,0.000,0.000,-1.703,-5.063,0.990,4.862,4.679,4.745,5.281,4.711,4.712,2.198,6.282,5.083,1.570,0.000,0.000,-1.054,-4.965,0.990,4.862,4.684,4.740,
23.260,30.861,-1.290,-5.597,1.721,0.000,6.262,2.730,1.479,1.727,2.059,3.956,3.201,0.791,0.800,3.898,1.764,0.000,2.791,0.000,0.000,0.000,0.000,0.000,0.000,0.000,0.000,0.000,0.000,0.000,3.142,6.283,0.000,1.003,1.569,1.569,4.085,6.281,1.199,4.712,0.000,0.000,-1.703,-5.063,0.990,4.862,4.679,4.745,5.281,4.711,4.712,2.198,6.282,5.083,1.570,0.000,0.000,-1.054,-4.965,0.990,4.862,4.684,4.740,
23.358,30.959,-1.290,-5.597,1.721,0.000,6.262,2.730,1.479,1.727,2.059,3.956,3.201,0.791,0.800,3.898,1.764,0.000,2.791,0.000,0.000,0.000,0.000,0.000,0.000,0.000,0.000,0.000,0.000,0.000,3.142,6.283,0.000,1.003,1.569,1.569,4.085,6.281,1.199,4.712,0.000,0.000,-1.703,-5.063,0.990,4.862,4.679,4.745,5.281,4.711,4.712,2.198,6.282,5.083,1.570,0.000,0.000,-1.054,-4.965,0.990,4.862,4.684,4.740,
23.460,31.061,-1.290,-5.597,1.721,0.000,6.262,2.730,1.479,1.727,2.059,3.956,3.201,0.791,0.800,3.898,1.764,0.000,2.791,0.000,0.000,0.000,0.000,0.000,0.000,0.000,0.000,0.000,0.000,0.000,3.142,6.283,0.000,1.003,1.569,1.569,4.085,6.281,1.199,4.712,0.000,0.000,-1.703,-5.063,0.990,4.862,4.679,4.745,5.281,4.711,4.712,2.198,6.282,5.083,1.570,0.000,0.000,-1.054,-4.965,0.990,4.862,4.684,4.740,
23.558,31.159,-1.290,-5.597,1.721,0.000,6.262,2.730,1.479,1.727,2.059,3.956,3.201,0.791,0.800,3.898,1.764,0.000,2.791,0.000,0.000,0.000,0.000,0.000,0.000,0.000,0.000,0.000,0.000,0.000,3.142,6.283,0.000,1.003,1.569,1.569,4.085,6.281,1.199,4.712,0.000,0.000,-1.703,-5.063,0.990,4.862,4.679,4.745,5.281,4.711,4.712,2.198,6.282,5.083,1.570,0.000,0.000,-1.054,-4.965,0.990,4.862,4.684,4.740,
23.660,31.261,-1.290,-5.597,1.721,0.000,6.262,2.730,1.479,1.727,2.059,3.956,3.201,0.791,0.800,3.898,1.764,0.000,2.791,0.000,0.000,0.000,0.000,0.000,0.000,0.000,0.000,0.000,0.000,0.000,3.142,6.283,0.000,1.003,1.569,1.569,4.085,6.281,1.199,4.712,0.000,0.000,-1.703,-5.063,0.990,4.862,4.679,4.745,5.281,4.711,4.712,2.198,6.282,5.083,1.570,0.000,0.000,-1.054,-4.965,0.990,4.862,4.684,4.740,
23.760,31.361,-1.290,-5.597,1.721,0.000,6.262,2.730,1.479,1.727,2.059,3.956,3.201,0.791,0.800,3.898,1.764,0.000,2.791,0.000,0.000,0.000,0.000,0.000,0.000,0.000,0.000,0.000,0.000,0.000,3.142,6.283,0.000,1.003,1.569,1.569,4.085,6.281,1.199,4.712,0.000,0.000,-1.703,-5.063,0.990,4.862,4.679,4.745,5.281,4.711,4.712,2.198,6.282,5.083,1.570,0.000,0.000,-1.054,-4.965,0.990,4.862,4.684,4.740,
23.844,31.445,-1.290,-5.597,1.721,0.000,6.262,2.730,1.479,1.727,2.059,3.956,3.201,0.791,0.800,3.898,1.764,0.000,2.791,0.000,0.000,0.000,0.000,0.000,0.000,0.000,0.000,0.000,0.000,0.000,3.142,6.283,0.000,1.003,1.569,1.569,4.085,6.281,1.199,4.712,0.000,0.000,-1.703,-5.063,0.990,4.862,4.679,4.745,5.281,4.711,4.712,2.198,6.282,5.083,1.570,0.000,0.000,-1.054,-4.965,0.990,4.862,4.684,4.740,
23.960,31.561,-1.290,-5.597,1.721,0.000,6.262,2.730,1.479,1.727,2.059,3.956,3.201,0.791,0.800,3.898,1.764,0.000,2.791,0.000,0.000,0.000,0.000,0.000,0.000,0.000,0.000,0.000,0.000,0.000,3.142,6.283,0.000,1.003,1.569,1.569,4.085,6.281,1.199,4.712,0.000,0.000,-1.703,-5.063,0.990,4.862,4.679,4.745,5.281,4.711,4.712,2.198,6.282,5.083,1.570,0.000,0.000,-1.054,-4.965,0.990,4.862,4.684,4.740,
24.056,31.657,-1.290,-5.597,1.721,0.000,6.262,2.730,1.479,1.727,2.059,3.956,3.201,0.791,0.800,3.898,1.764,0.000,2.791,0.000,0.000,0.000,0.000,0.000,0.000,0.000,0.000,0.000,0.000,0.000,3.142,6.283,0.000,1.003,1.569,1.569,4.085,6.281,1.199,4.712,0.000,0.000,-1.703,-5.063,0.990,4.862,4.679,4.745,5.281,4.711,4.712,2.198,6.282,5.083,1.570,0.000,0.000,-1.054,-4.965,0.990,4.862,4.684,4.740,
24.160,31.761,-1.290,-5.597,1.721,0.000,6.262,2.730,1.479,1.727,2.059,3.956,3.201,0.791,0.800,3.898,1.764,0.000,2.791,0.000,0.000,0.000,0.000,0.000,0.000,0.000,0.000,0.000,0.000,0.000,3.142,6.283,0.000,1.003,1.569,1.569,4.085,6.281,1.199,4.712,0.000,0.000,-1.703,-5.063,0.990,4.862,4.679,4.745,5.281,4.711,4.712,2.198,6.282,5.083,1.570,0.000,0.000,-1.054,-4.965,0.990,4.862,4.684,4.740,
24.256,31.857,-1.290,-5.597,1.721,0.000,6.262,2.730,1.479,1.727,2.059,3.956,3.201,0.791,0.800,3.898,1.764,0.000,2.791,0.000,0.000,0.000,0.000,0.000,0.000,0.000,0.000,0.000,0.000,0.000,3.142,6.283,0.000,1.003,1.569,1.569,4.085,6.281,1.199,4.712,0.000,0.000,-1.703,-5.063,0.990,4.862,4.679,4.745,5.281,4.711,4.712,2.198,6.282,5.083,1.570,0.000,0.000,-1.054,-4.965,0.990,4.862,4.684,4.740,
24.360,31.961,-1.290,-5.597,1.721,0.000,6.262,2.730,1.479,1.727,2.059,3.956,3.201,0.791,0.800,3.898,1.764,0.000,2.791,0.000,0.000,0.000,0.000,0.000,0.000,0.000,0.000,0.000,0.000,0.000,3.142,6.283,0.000,1.003,1.569,1.569,4.085,6.281,1.199,4.712,0.000,0.000,-1.703,-5.063,0.990,4.862,4.679,4.745,5.281,4.711,4.712,2.198,6.282,5.083,1.570,0.000,0.000,-1.054,-4.965,0.990,4.862,4.684,4.740,
24.460,32.061,-1.290,-5.597,1.721,0.000,6.262,2.730,1.479,1.727,2.059,3.956,3.201,0.791,0.800,3.898,1.764,0.000,2.791,0.000,0.000,0.000,0.000,0.000,0.000,0.000,0.000,0.000,0.000,0.000,3.142,6.283,0.000,1.003,1.569,1.569,4.085,6.281,1.199,4.712,0.000,0.000,-1.703,-5.063,0.990,4.862,4.679,4.745,5.281,4.711,4.712,2.198,6.282,5.083,1.570,0.000,0.000,-1.054,-4.965,0.990,4.862,4.684,4.740,
24.548,32.149,-1.290,-5.597,1.721,0.000,6.262,2.730,1.479,1.727,2.059,3.956,3.201,0.791,0.800,3.898,1.764,0.000,2.791,0.000,0.000,0.000,0.000,0.000,0.000,0.000,0.000,0.000,0.000,0.000,3.142,6.283,0.000,1.003,1.569,1.569,4.085,6.281,1.199,4.712,0.000,0.000,-1.703,-5.063,0.990,4.862,4.679,4.745,5.281,4.711,4.712,2.198,6.282,5.083,1.570,0.000,0.000,-1.054,-4.965,0.990,4.862,4.684,4.740,
24.660,32.261,-1.290,-5.597,1.721,0.000,6.262,2.730,1.479,1.727,2.059,3.956,3.201,0.791,0.800,3.898,1.764,0.000,2.791,0.000,0.000,0.000,0.000,0.000,0.000,0.000,0.000,0.000,0.000,0.000,3.142,6.283,0.000,1.003,1.569,1.569,4.085,6.281,1.199,4.712,0.000,0.000,-1.703,-5.063,0.990,4.862,4.679,4.745,5.281,4.711,4.712,2.198,6.282,5.083,1.570,0.000,0.000,-1.054,-4.965,0.990,4.862,4.684,4.740,
24.760,32.361,-1.290,-5.597,1.721,0.000,6.262,2.730,1.479,1.727,2.059,3.956,3.201,0.791,0.800,3.898,1.764,0.000,2.791,0.000,0.000,0.000,0.000,0.000,0.000,0.000,0.000,0.000,0.000,0.000,3.142,6.283,0.000,1.003,1.569,1.569,4.085,6.281,1.199,4.712,0.000,0.000,-1.703,-5.063,0.990,4.862,4.679,4.745,5.281,4.711,4.712,2.198,6.282,5.083,1.570,0.000,0.000,-1.054,-4.965,0.990,4.862,4.684,4.740,
24.860,32.461,-1.290,-5.597,1.721,0.000,6.262,2.730,1.479,1.727,2.059,3.956,3.201,0.791,0.800,3.898,1.764,0.000,2.791,0.000,0.000,0.000,0.000,0.000,0.000,0.000,0.000,0.000,0.000,0.000,3.142,6.283,0.000,1.003,1.569,1.569,4.085,6.281,1.199,4.712,0.000,0.000,-1.703,-5.063,0.990,4.862,4.679,4.745,5.281,4.711,4.712,2.198,6.282,5.083,1.570,0.000,0.000,-1.054,-4.965,0.990,4.862,4.684,4.740,
24.960,32.561,-1.290,-5.597,1.721,0.000,6.262,2.730,1.479,1.727,2.059,3.956,3.201,0.791,0.800,3.898,1.764,0.000,2.791,0.000,0.000,0.000,0.000,0.000,0.000,0.000,0.000,0.000,0.000,0.000,3.142,6.283,0.000,1.003,1.569,1.569,4.085,6.281,1.199,4.712,0.000,0.000,-1.703,-5.063,0.990,4.862,4.679,4.745,5.281,4.711,4.712,2.198,6.282,5.083,1.570,0.000,0.000,-1.054,-4.965,0.990,4.862,4.684,4.740,
25.060,32.661,-1.290,-5.597,1.721,0.000,6.262,2.730,1.479,1.727,2.059,3.956,3.201,0.791,0.800,3.898,1.764,0.000,2.791,0.000,0.000,0.000,0.000,0.000,0.000,0.000,0.000,0.000,0.000,0.000,3.142,6.283,0.000,1.003,1.569,1.569,4.085,6.281,1.199,4.712,0.000,0.000,-1.703,-5.063,0.990,4.862,4.679,4.745,5.281,4.711,4.712,2.198,6.282,5.083,1.570,0.000,0.000,-1.054,-4.965,0.990,4.862,4.684,4.740,
25.160,32.761,-1.290,-5.597,1.721,0.000,6.262,2.730,1.479,1.727,2.059,3.956,3.201,0.791,0.800,3.898,1.764,0.000,2.791,0.000,0.000,0.000,0.000,0.000,0.000,0.000,0.000,0.000,0.000,0.000,3.142,6.283,0.000,1.003,1.569,1.569,4.085,6.281,1.199,4.712,0.000,0.000,-1.703,-5.063,0.990,4.862,4.679,4.745,5.281,4.711,4.712,2.198,6.282,5.083,1.570,0.000,0.000,-1.054,-4.965,0.990,4.862,4.684,4.740,
25.250,32.851,-1.290,-5.597,1.721,0.000,6.262,2.730,1.479,1.727,2.059,3.956,3.201,0.791,0.800,3.898,1.764,0.000,2.791,0.000,0.000,0.000,0.000,0.000,0.000,0.000,0.000,0.000,0.000,0.000,3.142,6.283,0.000,1.003,1.569,1.569,4.085,6.281,1.199,4.712,0.000,0.000,-1.703,-5.063,0.990,4.862,4.679,4.745,5.281,4.711,4.712,2.198,6.282,5.083,1.570,0.000,0.000,-1.054,-4.965,0.990,4.862,4.684,4.740,
25.360,32.961,-1.290,-5.597,1.721,0.000,6.262,2.730,1.479,1.727,2.059,3.956,3.201,0.791,0.800,3.898,1.764,0.000,2.791,0.000,0.000,0.000,0.000,0.000,0.000,0.000,0.000,0.000,0.000,0.000,3.142,6.283,0.000,1.003,1.569,1.569,4.085,6.281,1.199,4.712,0.000,0.000,-1.703,-5.063,0.990,4.862,4.679,4.745,5.281,4.711,4.712,2.198,6.282,5.083,1.570,0.000,0.000,-1.054,-4.965,0.990,4.862,4.684,4.740,
25.459,33.060,-1.290,-5.597,1.721,0.000,6.262,2.730,1.479,1.727,2.059,3.956,3.201,0.791,0.800,3.898,1.764,0.000,2.791,0.000,0.000,0.000,0.000,0.000,0.000,0.000,0.000,0.000,0.000,0.000,3.142,6.28